"ID","Member_Country","Measure","Table","Value","Harvest_Sector","Year","Unit"
1,"American_Samoa","Estimates by the Benefish studies of annual fisheries harvests","20-4",35,"Coastal commercial","2007","Tonnes"
2,"American_Samoa","Estimates by the Benefish studies of annual fisheries harvests","20-4",42,"Coastal commercial","2014","Tonnes"
3,"American_Samoa","Estimates by the Benefish studies of annual fisheries harvests","20-4",15,"Coastal commercial","2021","Tonnes"
4,"American_Samoa","Estimates by the Benefish studies of annual fisheries harvests","20-4",120,"Coastal subsistence","2007","Tonnes"
5,"American_Samoa","Estimates by the Benefish studies of annual fisheries harvests","20-4",120,"Coastal subsistence","2014","Tonnes"
6,"American_Samoa","Estimates by the Benefish studies of annual fisheries harvests","20-4",100,"Coastal subsistence","2021","Tonnes"
7,"American_Samoa","Estimates by the Benefish studies of annual fisheries harvests","20-4",6632,"Offshore Locally Based","2007","Tonnes"
8,"American_Samoa","Estimates by the Benefish studies of annual fisheries harvests","20-4",2154,"Offshore Locally Based","2014","Tonnes"
9,"American_Samoa","Estimates by the Benefish studies of annual fisheries harvests","20-4",994,"Offshore Locally Based","2021","Tonnes"
10,"American_Samoa","Estimates by the Benefish studies of annual fisheries harvests","20-4",0,"Offshore Foreign Based","2007","Tonnes"
11,"American_Samoa","Estimates by the Benefish studies of annual fisheries harvests","20-4",0,"Offshore Foreign Based","2014","Tonnes"
12,"American_Samoa","Estimates by the Benefish studies of annual fisheries harvests","20-4",0,"Offshore Foreign Based","2021","Tonnes"
13,"American_Samoa","Estimates by the Benefish studies of annual fisheries harvests","20-4",1,"Freshwater","2007","Tonnes"
14,"American_Samoa","Estimates by the Benefish studies of annual fisheries harvests","20-4",1,"Freshwater","2014","Tonnes"
15,"American_Samoa","Estimates by the Benefish studies of annual fisheries harvests","20-4",1,"Freshwater","2021","Tonnes"
16,"American_Samoa","Estimates by the Benefish studies of annual fisheries harvests","20-4",9,"Aquaculture","2007","Tonnes"
17,"American_Samoa","Estimates by the Benefish studies of annual fisheries harvests","20-4",9,"Aquaculture","2014","Tonnes"
18,"American_Samoa","Estimates by the Benefish studies of annual fisheries harvests","20-4",10,"Aquaculture","2021","Tonnes"
19,"American_Samoa","Estimates by the Benefish studies of annual fisheries harvests","20-4",166000,"Coastal commercial","2007","US$"
20,"American_Samoa","Estimates by the Benefish studies of annual fisheries harvests","20-4",244000,"Coastal commercial","2014","US$"
21,"American_Samoa","Estimates by the Benefish studies of annual fisheries harvests","20-4",105000,"Coastal commercial","2021","US$"
22,"American_Samoa","Estimates by the Benefish studies of annual fisheries harvests","20-4",478000,"Coastal subsistence","2007","US$"
23,"American_Samoa","Estimates by the Benefish studies of annual fisheries harvests","20-4",487000,"Coastal subsistence","2014","US$"
24,"American_Samoa","Estimates by the Benefish studies of annual fisheries harvests","20-4",490000,"Coastal subsistence","2021","US$"
25,"American_Samoa","Estimates by the Benefish studies of annual fisheries harvests","20-4",14135083,"Offshore Locally Based","2007","US$"
26,"American_Samoa","Estimates by the Benefish studies of annual fisheries harvests","20-4",5113395,"Offshore Locally Based","2014","US$"
27,"American_Samoa","Estimates by the Benefish studies of annual fisheries harvests","20-4",3000000,"Offshore Locally Based","2021","US$"
28,"American_Samoa","Estimates by the Benefish studies of annual fisheries harvests","20-4",0,"Offshore Foreign Based","2007","US$"
29,"American_Samoa","Estimates by the Benefish studies of annual fisheries harvests","20-4",0,"Offshore Foreign Based","2014","US$"
30,"American_Samoa","Estimates by the Benefish studies of annual fisheries harvests","20-4",0,"Offshore Foreign Based","2021","US$"
31,"American_Samoa","Estimates by the Benefish studies of annual fisheries harvests","20-4",4000,"Freshwater","2007","US$"
32,"American_Samoa","Estimates by the Benefish studies of annual fisheries harvests","20-4",4000,"Freshwater","2014","US$"
33,"American_Samoa","Estimates by the Benefish studies of annual fisheries harvests","20-4",4900,"Freshwater","2021","US$"
34,"American_Samoa","Estimates by the Benefish studies of annual fisheries harvests","20-4",10000,"Aquaculture","2007","US$"
35,"American_Samoa","Estimates by the Benefish studies of annual fisheries harvests","20-4",44500,"Aquaculture","2014","US$"
36,"American_Samoa","Estimates by the Benefish studies of annual fisheries harvests","20-4",49000,"Aquaculture","2021","US$"
37,"Cook_Islands","Estimates by the Benefish studies of annual fisheries harvests","6-4",80,"Coastal commercial","1999","Tonnes"
38,"Cook_Islands","Estimates by the Benefish studies of annual fisheries harvests","6-4",133,"Coastal commercial","2007","Tonnes"
39,"Cook_Islands","Estimates by the Benefish studies of annual fisheries harvests","6-4",150,"Coastal commercial","2014","Tonnes"
40,"Cook_Islands","Estimates by the Benefish studies of annual fisheries harvests","6-4",150,"Coastal commercial","2021","Tonnes"
41,"Cook_Islands","Estimates by the Benefish studies of annual fisheries harvests","6-4",795,"Coastal subsistence","1999","Tonnes"
42,"Cook_Islands","Estimates by the Benefish studies of annual fisheries harvests","6-4",267,"Coastal subsistence","2007","Tonnes"
43,"Cook_Islands","Estimates by the Benefish studies of annual fisheries harvests","6-4",276,"Coastal subsistence","2014","Tonnes"
44,"Cook_Islands","Estimates by the Benefish studies of annual fisheries harvests","6-4",280,"Coastal subsistence","2021","Tonnes"
45,"Cook_Islands","Estimates by the Benefish studies of annual fisheries harvests","6-4",75,"Offshore Locally Based","1999","Tonnes"
46,"Cook_Islands","Estimates by the Benefish studies of annual fisheries harvests","6-4",3939,"Offshore Locally Based","2007","Tonnes"
47,"Cook_Islands","Estimates by the Benefish studies of annual fisheries harvests","6-4",194,"Offshore Locally Based","2014","Tonnes"
48,"Cook_Islands","Estimates by the Benefish studies of annual fisheries harvests","6-4",100,"Offshore Locally Based","2021","Tonnes"
49,"Cook_Islands","Estimates by the Benefish studies of annual fisheries harvests","6-4",300,"Offshore Foreign Based","1999","Tonnes"
50,"Cook_Islands","Estimates by the Benefish studies of annual fisheries harvests","6-4",0,"Offshore Foreign Based","2007","Tonnes"
51,"Cook_Islands","Estimates by the Benefish studies of annual fisheries harvests","6-4",20342,"Offshore Foreign Based","2014","Tonnes"
52,"Cook_Islands","Estimates by the Benefish studies of annual fisheries harvests","6-4",4621,"Offshore Foreign Based","2021","Tonnes"
53,"Cook_Islands","Estimates by the Benefish studies of annual fisheries harvests","6-4",5,"Freshwater","2007","Tonnes"
54,"Cook_Islands","Estimates by the Benefish studies of annual fisheries harvests","6-4",5,"Freshwater","2014","Tonnes"
55,"Cook_Islands","Estimates by the Benefish studies of annual fisheries harvests","6-4",5,"Freshwater","2021","Tonnes"
56,"Cook_Islands","Estimates by the Benefish studies of annual fisheries harvests","6-4",19500000,"Coastal commercial","1999","NZ$"
57,"Cook_Islands","Estimates by the Benefish studies of annual fisheries harvests","6-4",1400000,"Coastal commercial","2007","NZ$"
58,"Cook_Islands","Estimates by the Benefish studies of annual fisheries harvests","6-4",1700000,"Coastal commercial","2014","NZ$"
59,"Cook_Islands","Estimates by the Benefish studies of annual fisheries harvests","6-4",1600000,"Coastal commercial","2021","NZ$"
60,"Cook_Islands","Estimates by the Benefish studies of annual fisheries harvests","6-4",2200000,"Coastal subsistence","1999","NZ$"
61,"Cook_Islands","Estimates by the Benefish studies of annual fisheries harvests","6-4",1700000,"Coastal subsistence","2007","NZ$"
62,"Cook_Islands","Estimates by the Benefish studies of annual fisheries harvests","6-4",2000000,"Coastal subsistence","2014","NZ$"
63,"Cook_Islands","Estimates by the Benefish studies of annual fisheries harvests","6-4",2300000,"Coastal subsistence","2021","NZ$"
64,"Cook_Islands","Estimates by the Benefish studies of annual fisheries harvests","6-4",750000,"Offshore Locally Based","1999","NZ$"
65,"Cook_Islands","Estimates by the Benefish studies of annual fisheries harvests","6-4",7850000,"Offshore Locally Based","2007","NZ$"
66,"Cook_Islands","Estimates by the Benefish studies of annual fisheries harvests","6-4",2900000,"Offshore Locally Based","2014","NZ$"
67,"Cook_Islands","Estimates by the Benefish studies of annual fisheries harvests","6-4",2500000,"Offshore Locally Based","2021","NZ$"
68,"Cook_Islands","Estimates by the Benefish studies of annual fisheries harvests","6-4",770000,"Offshore Foreign Based","1999","NZ$"
69,"Cook_Islands","Estimates by the Benefish studies of annual fisheries harvests","6-4",0,"Offshore Foreign Based","2007","NZ$"
70,"Cook_Islands","Estimates by the Benefish studies of annual fisheries harvests","6-4",73156933,"Offshore Foreign Based","2014","NZ$"
71,"Cook_Islands","Estimates by the Benefish studies of annual fisheries harvests","6-4",15700000,"Offshore Foreign Based","2021","NZ$"
72,"Cook_Islands","Estimates by the Benefish studies of annual fisheries harvests","6-4",50000,"Freshwater","2007","NZ$"
73,"Cook_Islands","Estimates by the Benefish studies of annual fisheries harvests","6-4",37500,"Freshwater","2014","NZ$"
74,"Cook_Islands","Estimates by the Benefish studies of annual fisheries harvests","6-4",41000,"Freshwater","2021","NZ$"
75,"Cook_Islands","Estimates by the Benefish studies of annual fisheries harvests","6-4",3040000,"Aquaculture","2007","NZ$"
76,"Cook_Islands","Estimates by the Benefish studies of annual fisheries harvests","6-4",1095000,"Aquaculture","2014","NZ$"
77,"Cook_Islands","Estimates by the Benefish studies of annual fisheries harvests","6-4",330500,"Aquaculture","2021","NZ$"
78,"Cook_Islands","Estimates by the Benefish studies of annual fisheries harvests","6-4",3,"Aquaculture","2007","Tonnes"
79,"Cook_Islands","Estimates by the Benefish studies of annual fisheries harvests","6-4",12,"Aquaculture","2014","Tonnes"
80,"Cook_Islands","Estimates by the Benefish studies of annual fisheries harvests","6-4",190000,"Aquaculture","2007","Pieces"
81,"Cook_Islands","Estimates by the Benefish studies of annual fisheries harvests","6-4",52000,"Aquaculture","2014","Pieces"
82,"Cook_Islands","Estimates by the Benefish studies of annual fisheries harvests","6-4",81500,"Aquaculture","2021","Pieces"
83,"Federated_States_of_Micronesia","Estimates by the Benefish studies of annual fisheries harvests","7-6",5000,"Coastal commercial","1999","Tonnes"
84,"Federated_States_of_Micronesia","Estimates by the Benefish studies of annual fisheries harvests","7-6",2800,"Coastal commercial","2007","Tonnes"
85,"Federated_States_of_Micronesia","Estimates by the Benefish studies of annual fisheries harvests","7-6",1725,"Coastal commercial","2014","Tonnes"
86,"Federated_States_of_Micronesia","Estimates by the Benefish studies of annual fisheries harvests","7-6",1600,"Coastal commercial","2021","Tonnes"
87,"Federated_States_of_Micronesia","Estimates by the Benefish studies of annual fisheries harvests","7-6",5000,"Coastal subsistence","1999","Tonnes"
88,"Federated_States_of_Micronesia","Estimates by the Benefish studies of annual fisheries harvests","7-6",9800,"Coastal subsistence","2007","Tonnes"
89,"Federated_States_of_Micronesia","Estimates by the Benefish studies of annual fisheries harvests","7-6",3555,"Coastal subsistence","2014","Tonnes"
90,"Federated_States_of_Micronesia","Estimates by the Benefish studies of annual fisheries harvests","7-6",3400,"Coastal subsistence","2021","Tonnes"
91,"Federated_States_of_Micronesia","Estimates by the Benefish studies of annual fisheries harvests","7-6",2499,"Offshore Locally Based","1999","Tonnes"
92,"Federated_States_of_Micronesia","Estimates by the Benefish studies of annual fisheries harvests","7-6",16222,"Offshore Locally Based","2007","Tonnes"
93,"Federated_States_of_Micronesia","Estimates by the Benefish studies of annual fisheries harvests","7-6",40838,"Offshore Locally Based","2014","Tonnes"
94,"Federated_States_of_Micronesia","Estimates by the Benefish studies of annual fisheries harvests","7-6",153578,"Offshore Locally Based","2021","Tonnes"
95,"Federated_States_of_Micronesia","Estimates by the Benefish studies of annual fisheries harvests","7-6",127000,"Offshore Foreign Based","1999","Tonnes"
96,"Federated_States_of_Micronesia","Estimates by the Benefish studies of annual fisheries harvests","7-6",143315,"Offshore Foreign Based","2007","Tonnes"
97,"Federated_States_of_Micronesia","Estimates by the Benefish studies of annual fisheries harvests","7-6",124481,"Offshore Foreign Based","2014","Tonnes"
98,"Federated_States_of_Micronesia","Estimates by the Benefish studies of annual fisheries harvests","7-6",92899,"Offshore Foreign Based","2021","Tonnes"
99,"Federated_States_of_Micronesia","Estimates by the Benefish studies of annual fisheries harvests","7-6",1,"Freshwater","2007","Tonnes"
100,"Federated_States_of_Micronesia","Estimates by the Benefish studies of annual fisheries harvests","7-6",1,"Freshwater","2014","Tonnes"
101,"Federated_States_of_Micronesia","Estimates by the Benefish studies of annual fisheries harvests","7-6",1,"Freshwater","2021","Tonnes"
102,"Federated_States_of_Micronesia","Estimates by the Benefish studies of annual fisheries harvests","7-6",14500000,"Coastal commercial","1999","US$"
103,"Federated_States_of_Micronesia","Estimates by the Benefish studies of annual fisheries harvests","7-6",7560000,"Coastal commercial","2007","US$"
104,"Federated_States_of_Micronesia","Estimates by the Benefish studies of annual fisheries harvests","7-6",5000000,"Coastal commercial","2014","US$"
105,"Federated_States_of_Micronesia","Estimates by the Benefish studies of annual fisheries harvests","7-6",7000000,"Coastal commercial","2021","US$"
106,"Federated_States_of_Micronesia","Estimates by the Benefish studies of annual fisheries harvests","7-6",10000000,"Coastal subsistence","1999","US$"
107,"Federated_States_of_Micronesia","Estimates by the Benefish studies of annual fisheries harvests","7-6",15732000,"Coastal subsistence","2007","US$"
108,"Federated_States_of_Micronesia","Estimates by the Benefish studies of annual fisheries harvests","7-6",8800000,"Coastal subsistence","2014","US$"
109,"Federated_States_of_Micronesia","Estimates by the Benefish studies of annual fisheries harvests","7-6",10500000,"Coastal subsistence","2021","US$"
110,"Federated_States_of_Micronesia","Estimates by the Benefish studies of annual fisheries harvests","7-6",12495000,"Offshore Locally Based","1999","US$"
111,"Federated_States_of_Micronesia","Estimates by the Benefish studies of annual fisheries harvests","7-6",23908377,"Offshore Locally Based","2007","US$"
112,"Federated_States_of_Micronesia","Estimates by the Benefish studies of annual fisheries harvests","7-6",85342200,"Offshore Locally Based","2014","US$"
113,"Federated_States_of_Micronesia","Estimates by the Benefish studies of annual fisheries harvests","7-6",205600000,"Offshore Locally Based","2021","US$"
114,"Federated_States_of_Micronesia","Estimates by the Benefish studies of annual fisheries harvests","7-6",144000000,"Offshore Foreign Based","1999","US$"
115,"Federated_States_of_Micronesia","Estimates by the Benefish studies of annual fisheries harvests","7-6",177195590,"Offshore Foreign Based","2007","US$"
116,"Federated_States_of_Micronesia","Estimates by the Benefish studies of annual fisheries harvests","7-6",228148080,"Offshore Foreign Based","2014","US$"
117,"Federated_States_of_Micronesia","Estimates by the Benefish studies of annual fisheries harvests","7-6",121100000,"Offshore Foreign Based","2021","US$"
118,"Federated_States_of_Micronesia","Estimates by the Benefish studies of annual fisheries harvests","7-6",8000,"Freshwater","2007","US$"
119,"Federated_States_of_Micronesia","Estimates by the Benefish studies of annual fisheries harvests","7-6",8000,"Freshwater","2014","US$"
120,"Federated_States_of_Micronesia","Estimates by the Benefish studies of annual fisheries harvests","7-6",8000,"Freshwater","2021","US$"
121,"Federated_States_of_Micronesia","Estimates by the Benefish studies of annual fisheries harvests","7-6",80000,"Aquaculture","2007","US$"
122,"Federated_States_of_Micronesia","Estimates by the Benefish studies of annual fisheries harvests","7-6",164800,"Aquaculture","2014","US$"
123,"Federated_States_of_Micronesia","Estimates by the Benefish studies of annual fisheries harvests","7-6",325000,"Aquaculture","2021","US$"
124,"Federated_States_of_Micronesia","Estimates by the Benefish studies of annual fisheries harvests","7-6",8,"Aquaculture","2014","Pieces"
125,"Federated_States_of_Micronesia","Estimates by the Benefish studies of annual fisheries harvests","7-6",16000,"Aquaculture","2007","Pieces"
126,"Federated_States_of_Micronesia","Estimates by the Benefish studies of annual fisheries harvests","7-6",37400,"Aquaculture","2014","Pieces"
127,"Federated_States_of_Micronesia","Estimates by the Benefish studies of annual fisheries harvests","7-6",65000,"Aquaculture","2021","Pieces"
128,"Fiji","Estimates by the Benefish studies of annual fisheries harvests","8-5",9320,"Coastal commercial","1999","Tonnes"
129,"Fiji","Estimates by the Benefish studies of annual fisheries harvests","8-5",11000,"Coastal commercial","2007","Tonnes"
130,"Fiji","Estimates by the Benefish studies of annual fisheries harvests","8-5",9500,"Coastal commercial","2014","Tonnes"
131,"Fiji","Estimates by the Benefish studies of annual fisheries harvests","8-5",11700,"Coastal commercial","2021","Tonnes"
132,"Fiji","Estimates by the Benefish studies of annual fisheries harvests","8-5",21600,"Coastal subsistence","1999","Tonnes"
133,"Fiji","Estimates by the Benefish studies of annual fisheries harvests","8-5",16000,"Coastal subsistence","2007","Tonnes"
134,"Fiji","Estimates by the Benefish studies of annual fisheries harvests","8-5",17400,"Coastal subsistence","2014","Tonnes"
135,"Fiji","Estimates by the Benefish studies of annual fisheries harvests","8-5",18400,"Coastal subsistence","2021","Tonnes"
136,"Fiji","Estimates by the Benefish studies of annual fisheries harvests","8-5",5500,"Offshore Locally Based","1999","Tonnes"
137,"Fiji","Estimates by the Benefish studies of annual fisheries harvests","8-5",13744,"Offshore Locally Based","2007","Tonnes"
138,"Fiji","Estimates by the Benefish studies of annual fisheries harvests","8-5",17079,"Offshore Locally Based","2014","Tonnes"
139,"Fiji","Estimates by the Benefish studies of annual fisheries harvests","8-5",10828,"Offshore Locally Based","2021","Tonnes"
140,"Fiji","Estimates by the Benefish studies of annual fisheries harvests","8-5",917,"Offshore Foreign Based","1999","Tonnes"
141,"Fiji","Estimates by the Benefish studies of annual fisheries harvests","8-5",492,"Offshore Foreign Based","2007","Tonnes"
142,"Fiji","Estimates by the Benefish studies of annual fisheries harvests","8-5",0,"Offshore Foreign Based","2014","Tonnes"
143,"Fiji","Estimates by the Benefish studies of annual fisheries harvests","8-5",0,"Offshore Foreign Based","2021","Tonnes"
144,"Fiji","Estimates by the Benefish studies of annual fisheries harvests","8-5",3731,"Freshwater","2007","Tonnes"
145,"Fiji","Estimates by the Benefish studies of annual fisheries harvests","8-5",4140,"Freshwater","2014","Tonnes"
146,"Fiji","Estimates by the Benefish studies of annual fisheries harvests","8-5",4000,"Freshwater","2021","Tonnes"
147,"Fiji","Estimates by the Benefish studies of annual fisheries harvests","8-5",30000000,"Coastal commercial","1999","F$"
148,"Fiji","Estimates by the Benefish studies of annual fisheries harvests","8-5",75000000,"Coastal commercial","2007","F$"
149,"Fiji","Estimates by the Benefish studies of annual fisheries harvests","8-5",54000000,"Coastal commercial","2014","F$"
150,"Fiji","Estimates by the Benefish studies of annual fisheries harvests","8-5",58000000,"Coastal commercial","2021","F$"
151,"Fiji","Estimates by the Benefish studies of annual fisheries harvests","8-5",48600000,"Coastal subsistence","1999","F$"
152,"Fiji","Estimates by the Benefish studies of annual fisheries harvests","8-5",58000000,"Coastal subsistence","2007","F$"
153,"Fiji","Estimates by the Benefish studies of annual fisheries harvests","8-5",54100000,"Coastal subsistence","2014","F$"
154,"Fiji","Estimates by the Benefish studies of annual fisheries harvests","8-5",80000000,"Coastal subsistence","2021","F$"
155,"Fiji","Estimates by the Benefish studies of annual fisheries harvests","8-5",50500000,"Offshore Locally Based","1999","F$"
156,"Fiji","Estimates by the Benefish studies of annual fisheries harvests","8-5",46870000,"Offshore Locally Based","2007","F$"
157,"Fiji","Estimates by the Benefish studies of annual fisheries harvests","8-5",107642610,"Offshore Locally Based","2014","F$"
158,"Fiji","Estimates by the Benefish studies of annual fisheries harvests","8-5",84600000,"Offshore Locally Based","2021","F$"
159,"Fiji","Estimates by the Benefish studies of annual fisheries harvests","8-5",1093000,"Offshore Foreign Based","1999","F$"
160,"Fiji","Estimates by the Benefish studies of annual fisheries harvests","8-5",844000,"Offshore Foreign Based","2007","F$"
161,"Fiji","Estimates by the Benefish studies of annual fisheries harvests","8-5",0,"Offshore Foreign Based","2014","F$"
162,"Fiji","Estimates by the Benefish studies of annual fisheries harvests","8-5",0,"Offshore Foreign Based","2021","F$"
163,"Fiji","Estimates by the Benefish studies of annual fisheries harvests","8-5",7408000,"Freshwater","2007","F$"
164,"Fiji","Estimates by the Benefish studies of annual fisheries harvests","8-5",6860000,"Freshwater","2014","F$"
165,"Fiji","Estimates by the Benefish studies of annual fisheries harvests","8-5",7000000,"Freshwater","2021","F$"
166,"Fiji","Estimates by the Benefish studies of annual fisheries harvests","8-5",2875567,"Aquaculture","2007","F$"
167,"Fiji","Estimates by the Benefish studies of annual fisheries harvests","8-5",2799000,"Aquaculture","2014","F$"
168,"Fiji","Estimates by the Benefish studies of annual fisheries harvests","8-5",6014000,"Aquaculture","2021","F$"
169,"Fiji","Estimates by the Benefish studies of annual fisheries harvests","8-5",204682,"Aquaculture","2007","Tonnes"
170,"Fiji","Estimates by the Benefish studies of annual fisheries harvests","8-5",247,"Aquaculture","2014","Tonnes"
171,"Fiji","Estimates by the Benefish studies of annual fisheries harvests","8-5",351,"Aquaculture","2021","Tonnes"
172,"Fiji","Estimates by the Benefish studies of annual fisheries harvests","8-5",85236,"Aquaculture","2007","Pieces"
173,"Fiji","Estimates by the Benefish studies of annual fisheries harvests","8-5",48100,"Aquaculture","2014","Pieces"
174,"Fiji","Estimates by the Benefish studies of annual fisheries harvests","8-5",20000,"Aquaculture","2021","Pieces"
175,"French_Polynesia","Estimates by the Benefish studies of annual fisheries harvests","21-7",4002,"Coastal commercial","2007","Tonnes"
176,"French_Polynesia","Estimates by the Benefish studies of annual fisheries harvests","21-7",5666,"Coastal commercial","2014","Tonnes"
177,"French_Polynesia","Estimates by the Benefish studies of annual fisheries harvests","21-7",3565,"Coastal commercial","2021","Tonnes"
178,"French_Polynesia","Estimates by the Benefish studies of annual fisheries harvests","21-7",2880,"Coastal subsistence","2007","Tonnes"
179,"French_Polynesia","Estimates by the Benefish studies of annual fisheries harvests","21-7",2350,"Coastal subsistence","2014","Tonnes"
180,"French_Polynesia","Estimates by the Benefish studies of annual fisheries harvests","21-7",2350,"Coastal subsistence","2021","Tonnes"
181,"French_Polynesia","Estimates by the Benefish studies of annual fisheries harvests","21-7",6308,"Offshore Locally Based","2007","Tonnes"
182,"French_Polynesia","Estimates by the Benefish studies of annual fisheries harvests","21-7",5390,"Offshore Locally Based","2014","Tonnes"
183,"French_Polynesia","Estimates by the Benefish studies of annual fisheries harvests","21-7",6405,"Offshore Locally Based","2021","Tonnes"
184,"French_Polynesia","Estimates by the Benefish studies of annual fisheries harvests","21-7",0,"Offshore Foreign Based","2007","Tonnes"
185,"French_Polynesia","Estimates by the Benefish studies of annual fisheries harvests","21-7",0,"Offshore Foreign Based","2014","Tonnes"
186,"French_Polynesia","Estimates by the Benefish studies of annual fisheries harvests","21-7",0,"Offshore Foreign Based","2021","Tonnes"
187,"French_Polynesia","Estimates by the Benefish studies of annual fisheries harvests","21-7",100,"Freshwater","2007","Tonnes"
188,"French_Polynesia","Estimates by the Benefish studies of annual fisheries harvests","21-7",100,"Freshwater","2014","Tonnes"
189,"French_Polynesia","Estimates by the Benefish studies of annual fisheries harvests","21-7",100,"Freshwater","2021","Tonnes"
190,"French_Polynesia","Estimates by the Benefish studies of annual fisheries harvests","21-7",2001400000,"Coastal commercial","2007","XPF"
191,"French_Polynesia","Estimates by the Benefish studies of annual fisheries harvests","21-7",3052588235,"Coastal commercial","2014","XPF"
192,"French_Polynesia","Estimates by the Benefish studies of annual fisheries harvests","21-7",2198100000,"Coastal commercial","2021","XPF"
193,"French_Polynesia","Estimates by the Benefish studies of annual fisheries harvests","21-7",1149120000,"Coastal subsistence","2007","XPF"
194,"French_Polynesia","Estimates by the Benefish studies of annual fisheries harvests","21-7",1125171000,"Coastal subsistence","2014","XPF"
195,"French_Polynesia","Estimates by the Benefish studies of annual fisheries harvests","21-7",1014270546,"Coastal subsistence","2021","XPF"
196,"French_Polynesia","Estimates by the Benefish studies of annual fisheries harvests","21-7",2457515000,"Offshore Locally Based","2007","XPF"
197,"French_Polynesia","Estimates by the Benefish studies of annual fisheries harvests","21-7",2829000000,"Offshore Locally Based","2014","XPF"
198,"French_Polynesia","Estimates by the Benefish studies of annual fisheries harvests","21-7",4434400000,"Offshore Locally Based","2021","XPF"
199,"French_Polynesia","Estimates by the Benefish studies of annual fisheries harvests","21-7",0,"Offshore Foreign Based","2007","XPF"
200,"French_Polynesia","Estimates by the Benefish studies of annual fisheries harvests","21-7",0,"Offshore Foreign Based","2014","XPF"
201,"French_Polynesia","Estimates by the Benefish studies of annual fisheries harvests","21-7",0,"Offshore Foreign Based","2021","XPF"
202,"French_Polynesia","Estimates by the Benefish studies of annual fisheries harvests","21-7",42500000,"Freshwater","2007","XPF"
203,"French_Polynesia","Estimates by the Benefish studies of annual fisheries harvests","21-7",47879616,"Freshwater","2014","XPF"
204,"French_Polynesia","Estimates by the Benefish studies of annual fisheries harvests","21-7",43800000,"Freshwater","2021","XPF"
205,"French_Polynesia","Estimates by the Benefish studies of annual fisheries harvests","21-7",10762600000,"Aquaculture","2007","XPF"
206,"French_Polynesia","Estimates by the Benefish studies of annual fisheries harvests","21-7",8809250000,"Aquaculture","2014","XPF"
207,"French_Polynesia","Estimates by the Benefish studies of annual fisheries harvests","21-7",5846728000,"Aquaculture","2021","XPF"
208,"French_Polynesia","Estimates by the Benefish studies of annual fisheries harvests","21-7",56,"Aquaculture","2007","Tonnes"
209,"French_Polynesia","Estimates by the Benefish studies of annual fisheries harvests","21-7",101,"Aquaculture","2014","Tonnes"
210,"French_Polynesia","Estimates by the Benefish studies of annual fisheries harvests","21-7",1542,"Aquaculture","2021","Tonnes"
211,"French_Polynesia","Estimates by the Benefish studies of annual fisheries harvests","21-7",8361500,"Aquaculture","2014","Pieces"
212,"French_Polynesia","Estimates by the Benefish studies of annual fisheries harvests","21-7",8574012,"Aquaculture","2021","Pieces"
213,"Guam","Estimates by the Benefish studies of annual fisheries harvests","22-4",44,"Coastal commercial","2007","Tonnes"
214,"Guam","Estimates by the Benefish studies of annual fisheries harvests","22-4",72,"Coastal commercial","2014","Tonnes"
215,"Guam","Estimates by the Benefish studies of annual fisheries harvests","22-4",25.7,"Coastal commercial","2021","Tonnes"
216,"Guam","Estimates by the Benefish studies of annual fisheries harvests","22-4",70,"Coastal subsistence","2007","Tonnes"
217,"Guam","Estimates by the Benefish studies of annual fisheries harvests","22-4",42,"Coastal subsistence","2014","Tonnes"
218,"Guam","Estimates by the Benefish studies of annual fisheries harvests","22-4",30,"Coastal subsistence","2021","Tonnes"
219,"Guam","Estimates by the Benefish studies of annual fisheries harvests","22-4",0,"Offshore Locally Based","2007","Tonnes"
220,"Guam","Estimates by the Benefish studies of annual fisheries harvests","22-4",0,"Offshore Locally Based","2014","Tonnes"
221,"Guam","Estimates by the Benefish studies of annual fisheries harvests","22-4",0,"Offshore Locally Based","2021","Tonnes"
222,"Guam","Estimates by the Benefish studies of annual fisheries harvests","22-4",0,"Offshore Foreign Based","2007","Tonnes"
223,"Guam","Estimates by the Benefish studies of annual fisheries harvests","22-4",0,"Offshore Foreign Based","2014","Tonnes"
224,"Guam","Estimates by the Benefish studies of annual fisheries harvests","22-4",0,"Offshore Foreign Based","2021","Tonnes"
225,"Guam","Estimates by the Benefish studies of annual fisheries harvests","22-4",3,"Freshwater","2007","Tonnes"
226,"Guam","Estimates by the Benefish studies of annual fisheries harvests","22-4",3,"Freshwater","2014","Tonnes"
227,"Guam","Estimates by the Benefish studies of annual fisheries harvests","22-4",3,"Freshwater","2021","Tonnes"
228,"Guam","Estimates by the Benefish studies of annual fisheries harvests","22-4",162,"Aquaculture","2007","Tonnes"
229,"Guam","Estimates by the Benefish studies of annual fisheries harvests","22-4",100,"Aquaculture","2014","Tonnes"
230,"Guam","Estimates by the Benefish studies of annual fisheries harvests","22-4",100,"Aquaculture","2021","Tonnes"
231,"Guam","Estimates by the Benefish studies of annual fisheries harvests","22-4",195000,"Coastal commercial","2007","US$"
232,"Guam","Estimates by the Benefish studies of annual fisheries harvests","22-4",388996,"Coastal commercial","2014","US$"
233,"Guam","Estimates by the Benefish studies of annual fisheries harvests","22-4",150959,"Coastal commercial","2021","US$"
234,"Guam","Estimates by the Benefish studies of annual fisheries harvests","22-4",217000,"Coastal subsistence","2007","US$"
235,"Guam","Estimates by the Benefish studies of annual fisheries harvests","22-4",158358,"Coastal subsistence","2014","US$"
236,"Guam","Estimates by the Benefish studies of annual fisheries harvests","22-4",176400,"Coastal subsistence","2021","US$"
237,"Guam","Estimates by the Benefish studies of annual fisheries harvests","22-4",0,"Offshore Locally Based","2007","US$"
238,"Guam","Estimates by the Benefish studies of annual fisheries harvests","22-4",0,"Offshore Locally Based","2014","US$"
239,"Guam","Estimates by the Benefish studies of annual fisheries harvests","22-4",0,"Offshore Locally Based","2021","US$"
240,"Guam","Estimates by the Benefish studies of annual fisheries harvests","22-4",0,"Offshore Foreign Based","2007","US$"
241,"Guam","Estimates by the Benefish studies of annual fisheries harvests","22-4",0,"Offshore Foreign Based","2014","US$"
242,"Guam","Estimates by the Benefish studies of annual fisheries harvests","22-4",0,"Offshore Foreign Based","2021","US$"
243,"Guam","Estimates by the Benefish studies of annual fisheries harvests","22-4",10000,"Freshwater","2007","US$"
244,"Guam","Estimates by the Benefish studies of annual fisheries harvests","22-4",11000,"Freshwater","2014","US$"
245,"Guam","Estimates by the Benefish studies of annual fisheries harvests","22-4",12000,"Freshwater","2021","US$"
246,"Guam","Estimates by the Benefish studies of annual fisheries harvests","22-4",948000,"Aquaculture","2007","US$"
247,"Guam","Estimates by the Benefish studies of annual fisheries harvests","22-4",800000,"Aquaculture","2014","US$"
248,"Guam","Estimates by the Benefish studies of annual fisheries harvests","22-4",433000,"Aquaculture","2021","US$"
249,"International_Waters","Catches by Method","28-2",197850,NA,"2018","Tonnes"
250,"International_Waters","Catches by Method","28-2",139333,NA,"2018","Tonnes"
251,"International_Waters","Catches by Method","28-2",82267,NA,"2018","Tonnes"
252,"International_Waters","Catches by Method","28-2",535,NA,"2018","Tonnes"
253,"International_Waters","Catches by Method","28-2",133,NA,"2018","Tonnes"
254,"International_Waters","Catches by Method","28-2",293862,NA,"2019","Tonnes"
255,"International_Waters","Catches by Method","28-2",156956,NA,"2019","Tonnes"
256,"International_Waters","Catches by Method","28-2",80790,NA,"2019","Tonnes"
257,"International_Waters","Catches by Method","28-2",1086,NA,"2019","Tonnes"
258,"International_Waters","Catches by Method","28-2",136,NA,"2019","Tonnes"
259,"International_Waters","Catches by Method","28-2",220667,NA,"2020","Tonnes"
260,"International_Waters","Catches by Method","28-2",131414,NA,"2020","Tonnes"
261,"International_Waters","Catches by Method","28-2",45584,NA,"2020","Tonnes"
262,"International_Waters","Catches by Method","28-2",2103,NA,"2020","Tonnes"
263,"International_Waters","Catches by Method","28-2",136,NA,"2020","Tonnes"
264,"International_Waters","Catches by Method","28-2",157058,NA,"2021","Tonnes"
265,"International_Waters","Catches by Method","28-2",109884,NA,"2021","Tonnes"
266,"International_Waters","Catches by Method","28-2",64992,NA,"2021","Tonnes"
267,"International_Waters","Catches by Method","28-2",842,NA,"2021","Tonnes"
268,"International_Waters","Catches by Method","28-2",136,NA,"2021","Tonnes"
269,"Kiribati","Estimates by the Benefish studies of annual fisheries harvests","9-4",6000,"Coastal","1999","Tonnes"
270,"Kiribati","Estimates by the Benefish studies of annual fisheries harvests","9-4",7000,"commercial","2007","Tonnes"
271,"Kiribati","Estimates by the Benefish studies of annual fisheries harvests","9-4",7600,"commercial","2014","Tonnes"
272,"Kiribati","Estimates by the Benefish studies of annual fisheries harvests","9-4",8000,"commercial","2021","Tonnes"
273,"Kiribati","Estimates by the Benefish studies of annual fisheries harvests","9-4",10000,"Coastal subsistence","1999","Tonnes"
274,"Kiribati","Estimates by the Benefish studies of annual fisheries harvests","9-4",13700,"Coastal subsistence","2007","Tonnes"
275,"Kiribati","Estimates by the Benefish studies of annual fisheries harvests","9-4",11400,"Coastal subsistence","2014","Tonnes"
276,"Kiribati","Estimates by the Benefish studies of annual fisheries harvests","9-4",11000,"Coastal subsistence","2021","Tonnes"
277,"Kiribati","Estimates by the Benefish studies of annual fisheries harvests","9-4",0,"Offshore Locally Based","1999","Tonnes"
278,"Kiribati","Estimates by the Benefish studies of annual fisheries harvests","9-4",0,"Offshore Locally Based","2007","Tonnes"
279,"Kiribati","Estimates by the Benefish studies of annual fisheries harvests","9-4",510,"Offshore Locally Based","2014","Tonnes"
280,"Kiribati","Estimates by the Benefish studies of annual fisheries harvests","9-4",2686,"Offshore Locally Based","2021","Tonnes"
281,"Kiribati","Estimates by the Benefish studies of annual fisheries harvests","9-4",132000,"Offshore Foreign Based","1999","Tonnes"
282,"Kiribati","Estimates by the Benefish studies of annual fisheries harvests","9-4",163215,"Offshore Foreign Based","2007","Tonnes"
283,"Kiribati","Estimates by the Benefish studies of annual fisheries harvests","9-4",701067,"Offshore Foreign Based","2014","Tonnes"
284,"Kiribati","Estimates by the Benefish studies of annual fisheries harvests","9-4",349345,"Offshore Foreign Based","2021","Tonnes"
285,"Kiribati","Estimates by the Benefish studies of annual fisheries harvests","9-4",0,"Freshwater","2007","Tonnes"
286,"Kiribati","Estimates by the Benefish studies of annual fisheries harvests","9-4",0,"Freshwater","2014","Tonnes"
287,"Kiribati","Estimates by the Benefish studies of annual fisheries harvests","9-4",0,"Freshwater","2016","Tonnes"
288,"Kiribati","Estimates by the Benefish studies of annual fisheries harvests","9-4",0,"Freshwater","2021","Tonnes"
289,"Kiribati","Estimates by the Benefish studies of annual fisheries harvests","9-4",9780000,"Coastal","1999","A$"
290,"Kiribati","Estimates by the Benefish studies of annual fisheries harvests","9-4",22000000,"commercial","2007","A$"
291,"Kiribati","Estimates by the Benefish studies of annual fisheries harvests","9-4",18861000,"commercial","2014","A$"
292,"Kiribati","Estimates by the Benefish studies of annual fisheries harvests","9-4",31000000,"commercial","2021","A$"
293,"Kiribati","Estimates by the Benefish studies of annual fisheries harvests","9-4",12230000,"Coastal subsistence","1999","A$"
294,"Kiribati","Estimates by the Benefish studies of annual fisheries harvests","9-4",34000000,"Coastal subsistence","2007","A$"
295,"Kiribati","Estimates by the Benefish studies of annual fisheries harvests","9-4",19836000,"Coastal subsistence","2014","A$"
296,"Kiribati","Estimates by the Benefish studies of annual fisheries harvests","9-4",30000000,"Coastal subsistence","2021","A$"
297,"Kiribati","Estimates by the Benefish studies of annual fisheries harvests","9-4",0,"Offshore Locally Based","1999","A$"
298,"Kiribati","Estimates by the Benefish studies of annual fisheries harvests","9-4",0,"Offshore Locally Based","2007","A$"
299,"Kiribati","Estimates by the Benefish studies of annual fisheries harvests","9-4",4400000,"Offshore Locally Based","2014","A$"
300,"Kiribati","Estimates by the Benefish studies of annual fisheries harvests","9-4",17558809,"Offshore Locally Based","2021","A$"
301,"Kiribati","Estimates by the Benefish studies of annual fisheries harvests","9-4",205000000,"Offshore Foreign Based","1999","A$"
302,"Kiribati","Estimates by the Benefish studies of annual fisheries harvests","9-4",234491135,"Offshore Foreign Based","2007","A$"
303,"Kiribati","Estimates by the Benefish studies of annual fisheries harvests","9-4",1355549878,"Offshore Foreign Based","2014","A$"
304,"Kiribati","Estimates by the Benefish studies of annual fisheries harvests","9-4",601401300,"Offshore Foreign Based","2021","A$"
305,"Kiribati","Estimates by the Benefish studies of annual fisheries harvests","9-4",0,"Freshwater","2007","A$"
306,"Kiribati","Estimates by the Benefish studies of annual fisheries harvests","9-4",0,"Freshwater","2014","A$"
307,"Kiribati","Estimates by the Benefish studies of annual fisheries harvests","9-4",0,"Freshwater","2016","A$"
308,"Kiribati","Estimates by the Benefish studies of annual fisheries harvests","9-4",0,"Freshwater","2021","A$"
309,"Kiribati","Estimates by the Benefish studies of annual fisheries harvests","9-4",90000,"Aquaculture","2007","A$"
310,"Kiribati","Estimates by the Benefish studies of annual fisheries harvests","9-4",289757,"Aquaculture","2014","A$"
311,"Kiribati","Estimates by the Benefish studies of annual fisheries harvests","9-4",10000,"Aquaculture","2021","A$"
312,"Kiribati","Estimates by the Benefish studies of annual fisheries harvests","9-4",143,"Aquaculture","2007","Tonnes"
313,"Kiribati","Estimates by the Benefish studies of annual fisheries harvests","9-4",255,"Aquaculture","2014","Tonnes"
314,"Kiribati","Estimates by the Benefish studies of annual fisheries harvests","9-4",100,"Aquaculture","2007","Pieces"
315,"Kiribati","Estimates by the Benefish studies of annual fisheries harvests","9-4",8642,"Aquaculture","2014","Pieces"
316,"Marshall_Islands","Estimates by the Benefish studies of annual fisheries harvests","10-5",444,"Coastal commercial","1999","Tonnes"
317,"Marshall_Islands","Estimates by the Benefish studies of annual fisheries harvests","10-5",950,"Coastal commercial","2007","Tonnes"
318,"Marshall_Islands","Estimates by the Benefish studies of annual fisheries harvests","10-5",1500,"Coastal commercial","2014","Tonnes"
319,"Marshall_Islands","Estimates by the Benefish studies of annual fisheries harvests","10-5",1200,"Coastal commercial","2021","Tonnes"
320,"Marshall_Islands","Estimates by the Benefish studies of annual fisheries harvests","10-5",2800,"Coastal subsistence","1999","Tonnes"
321,"Marshall_Islands","Estimates by the Benefish studies of annual fisheries harvests","10-5",2800,"Coastal subsistence","2007","Tonnes"
322,"Marshall_Islands","Estimates by the Benefish studies of annual fisheries harvests","10-5",3000,"Coastal subsistence","2014","Tonnes"
323,"Marshall_Islands","Estimates by the Benefish studies of annual fisheries harvests","10-5",3000,"Coastal subsistence","2021","Tonnes"
324,"Marshall_Islands","Estimates by the Benefish studies of annual fisheries harvests","10-5",0,"Offshore Locally Based","1999","Tonnes"
325,"Marshall_Islands","Estimates by the Benefish studies of annual fisheries harvests","10-5",63569,"Offshore Locally Based","2007","Tonnes"
326,"Marshall_Islands","Estimates by the Benefish studies of annual fisheries harvests","10-5",85918,"Offshore Locally Based","2014","Tonnes"
327,"Marshall_Islands","Estimates by the Benefish studies of annual fisheries harvests","10-5",91167,"Offshore Locally Based","2021","Tonnes"
328,"Marshall_Islands","Estimates by the Benefish studies of annual fisheries harvests","10-5",33217,"Offshore Foreign Based","1999","Tonnes"
329,"Marshall_Islands","Estimates by the Benefish studies of annual fisheries harvests","10-5",12727,"Offshore Foreign Based","2007","Tonnes"
330,"Marshall_Islands","Estimates by the Benefish studies of annual fisheries harvests","10-5",29754,"Offshore Foreign Based","2014","Tonnes"
331,"Marshall_Islands","Estimates by the Benefish studies of annual fisheries harvests","10-5",42514,"Offshore Foreign Based","2021","Tonnes"
332,"Marshall_Islands","Estimates by the Benefish studies of annual fisheries harvests","10-5",0,"Freshwater","2007","Tonnes"
333,"Marshall_Islands","Estimates by the Benefish studies of annual fisheries harvests","10-5",0,"Freshwater","2014","Tonnes"
334,"Marshall_Islands","Estimates by the Benefish studies of annual fisheries harvests","10-5",0,"Freshwater","2021","Tonnes"
335,"Marshall_Islands","Estimates by the Benefish studies of annual fisheries harvests","10-5",973000,"Coastal commercial","1999","US$"
336,"Marshall_Islands","Estimates by the Benefish studies of annual fisheries harvests","10-5",2900000,"Coastal commercial","2007","US$"
337,"Marshall_Islands","Estimates by the Benefish studies of annual fisheries harvests","10-5",4350000,"Coastal commercial","2014","US$"
338,"Marshall_Islands","Estimates by the Benefish studies of annual fisheries harvests","10-5",3400000,"Coastal commercial","2021","US$"
339,"Marshall_Islands","Estimates by the Benefish studies of annual fisheries harvests","10-5",3836000,"Coastal subsistence","1999","US$"
340,"Marshall_Islands","Estimates by the Benefish studies of annual fisheries harvests","10-5",4312000,"Coastal subsistence","2007","US$"
341,"Marshall_Islands","Estimates by the Benefish studies of annual fisheries harvests","10-5",6000000,"Coastal subsistence","2014","US$"
342,"Marshall_Islands","Estimates by the Benefish studies of annual fisheries harvests","10-5",6000000,"Coastal subsistence","2021","US$"
343,"Marshall_Islands","Estimates by the Benefish studies of annual fisheries harvests","10-5",0,"Offshore Locally Based","1999","US$"
344,"Marshall_Islands","Estimates by the Benefish studies of annual fisheries harvests","10-5",81210390,"Offshore Locally Based","2007","US$"
345,"Marshall_Islands","Estimates by the Benefish studies of annual fisheries harvests","10-5",133530000,"Offshore Locally Based","2014","US$"
346,"Marshall_Islands","Estimates by the Benefish studies of annual fisheries harvests","10-5",121000000,"Offshore Locally Based","2021","US$"
347,"Marshall_Islands","Estimates by the Benefish studies of annual fisheries harvests","10-5",50000000,"Offshore Foreign Based","1999","US$"
348,"Marshall_Islands","Estimates by the Benefish studies of annual fisheries harvests","10-5",19572712,"Offshore Foreign Based","2007","US$"
349,"Marshall_Islands","Estimates by the Benefish studies of annual fisheries harvests","10-5",38700638,"Offshore Foreign Based","2014","US$"
350,"Marshall_Islands","Estimates by the Benefish studies of annual fisheries harvests","10-5",60966870,"Offshore Foreign Based","2021","US$"
351,"Marshall_Islands","Estimates by the Benefish studies of annual fisheries harvests","10-5",0,"Freshwater","2007","US$"
352,"Marshall_Islands","Estimates by the Benefish studies of annual fisheries harvests","10-5",0,"Freshwater","2014","US$"
353,"Marshall_Islands","Estimates by the Benefish studies of annual fisheries harvests","10-5",0,"Freshwater","2021","US$"
354,"Marshall_Islands","Estimates by the Benefish studies of annual fisheries harvests","10-5",130000,"Aquaculture","2007","US$"
355,"Marshall_Islands","Estimates by the Benefish studies of annual fisheries harvests","10-5",50000,"Aquaculture","2014","US$"
356,"Marshall_Islands","Estimates by the Benefish studies of annual fisheries harvests","10-5",85500,"Aquaculture","2021","US$"
357,"Marshall_Islands","Estimates by the Benefish studies of annual fisheries harvests","10-5",2.3,"Aquaculture","2021","Tonnes"
358,"Marshall_Islands","Estimates by the Benefish studies of annual fisheries harvests","10-5",25000,"Aquaculture","2007","Pieces"
359,"Marshall_Islands","Estimates by the Benefish studies of annual fisheries harvests","10-5",10000,"Aquaculture","2014","Pieces"
360,"Marshall_Islands","Estimates by the Benefish studies of annual fisheries harvests","10-5",22000,"Aquaculture","2021","Pieces"
361,"Nauru","Estimates by the Benefish studies of annual fisheries harvests","11-6",315,"Coastal commercial","1999","Tonnes"
362,"Nauru","Estimates by the Benefish studies of annual fisheries harvests","11-6",200,"Coastal commercial","2007","Tonnes"
363,"Nauru","Estimates by the Benefish studies of annual fisheries harvests","11-6",163,"Coastal commercial","2014","Tonnes"
364,"Nauru","Estimates by the Benefish studies of annual fisheries harvests","11-6",140,"Coastal commercial","2021","Tonnes"
365,"Nauru","Estimates by the Benefish studies of annual fisheries harvests","11-6",110,"Coastal subsistence","1999","Tonnes"
366,"Nauru","Estimates by the Benefish studies of annual fisheries harvests","11-6",450,"Coastal subsistence","2007","Tonnes"
367,"Nauru","Estimates by the Benefish studies of annual fisheries harvests","11-6",210,"Coastal subsistence","2014","Tonnes"
368,"Nauru","Estimates by the Benefish studies of annual fisheries harvests","11-6",100,"Coastal subsistence","2021","Tonnes"
369,"Nauru","Estimates by the Benefish studies of annual fisheries harvests","11-6",50,"Offshore Locally Based","1999","Tonnes"
370,"Nauru","Estimates by the Benefish studies of annual fisheries harvests","11-6",0,"Offshore Locally Based","2007","Tonnes"
371,"Nauru","Estimates by the Benefish studies of annual fisheries harvests","11-6",0,"Offshore Locally Based","2014","Tonnes"
372,"Nauru","Estimates by the Benefish studies of annual fisheries harvests","11-6",111821,"Offshore Locally Based","2021","Tonnes"
373,"Nauru","Estimates by the Benefish studies of annual fisheries harvests","11-6",41000,"Offshore Foreign Based","1999","Tonnes"
374,"Nauru","Estimates by the Benefish studies of annual fisheries harvests","11-6",69236,"Offshore Foreign Based","2007","Tonnes"
375,"Nauru","Estimates by the Benefish studies of annual fisheries harvests","11-6",177315,"Offshore Foreign Based","2014","Tonnes"
376,"Nauru","Estimates by the Benefish studies of annual fisheries harvests","11-6",136893,"Offshore Foreign Based","2021","Tonnes"
377,"Nauru","Estimates by the Benefish studies of annual fisheries harvests","11-6",0,"Freshwater","2007","Tonnes"
378,"Nauru","Estimates by the Benefish studies of annual fisheries harvests","11-6",0,"Freshwater","2014","Tonnes"
379,"Nauru","Estimates by the Benefish studies of annual fisheries harvests","11-6",0,"Freshwater","2021","Tonnes"
380,"Nauru","Estimates by the Benefish studies of annual fisheries harvests","11-6",1732500,"Coastal commercial","1999","A$"
381,"Nauru","Estimates by the Benefish studies of annual fisheries harvests","11-6",1000000,"Coastal commercial","2007","A$"
382,"Nauru","Estimates by the Benefish studies of annual fisheries harvests","11-6",1306955,"Coastal commercial","2014","A$"
383,"Nauru","Estimates by the Benefish studies of annual fisheries harvests","11-6",1540000,"Coastal commercial","2021","A$"
384,"Nauru","Estimates by the Benefish studies of annual fisheries harvests","11-6",514250,"Coastal subsistence","1999","A$"
385,"Nauru","Estimates by the Benefish studies of annual fisheries harvests","11-6",787000,"Coastal subsistence","2007","A$"
386,"Nauru","Estimates by the Benefish studies of annual fisheries harvests","11-6",1177834,"Coastal subsistence","2014","A$"
387,"Nauru","Estimates by the Benefish studies of annual fisheries harvests","11-6",770000,"Coastal subsistence","2021","A$"
388,"Nauru","Estimates by the Benefish studies of annual fisheries harvests","11-6",387000,"Offshore Locally Based","1999","A$"
389,"Nauru","Estimates by the Benefish studies of annual fisheries harvests","11-6",0,"Offshore Locally Based","2007","A$"
390,"Nauru","Estimates by the Benefish studies of annual fisheries harvests","11-6",0,"Offshore Locally Based","2014","A$"
391,"Nauru","Estimates by the Benefish studies of annual fisheries harvests","11-6",186718705,"Offshore Locally Based","2021","A$"
392,"Nauru","Estimates by the Benefish studies of annual fisheries harvests","11-6",57000000,"Offshore Foreign Based","1999","A$"
393,"Nauru","Estimates by the Benefish studies of annual fisheries harvests","11-6",95201620,"Offshore Foreign Based","2007","A$"
394,"Nauru","Estimates by the Benefish studies of annual fisheries harvests","11-6",282100000,"Offshore Foreign Based","2014","A$"
395,"Nauru","Estimates by the Benefish studies of annual fisheries harvests","11-6",228583931,"Offshore Foreign Based","2021","A$"
396,"Nauru","Estimates by the Benefish studies of annual fisheries harvests","11-6",0,"Freshwater","2007","A$"
397,"Nauru","Estimates by the Benefish studies of annual fisheries harvests","11-6",0,"Freshwater","2014","A$"
398,"Nauru","Estimates by the Benefish studies of annual fisheries harvests","11-6",0,"Freshwater","2021","A$"
399,"Nauru","Estimates by the Benefish studies of annual fisheries harvests","11-6",18000,"Aquaculture","2007","A$"
400,"Nauru","Estimates by the Benefish studies of annual fisheries harvests","11-6",1000,"Aquaculture","2014","A$"
401,"Nauru","Estimates by the Benefish studies of annual fisheries harvests","11-6",0,"Aquaculture","2021","A$"
402,"Nauru","Estimates by the Benefish studies of annual fisheries harvests","11-6",8,"Aquaculture","2007","Tonnes"
403,"Nauru","Estimates by the Benefish studies of annual fisheries harvests","11-6",0.1,"Aquaculture","2014","Tonnes"
404,"Nauru","Estimates by the Benefish studies of annual fisheries harvests","11-6",0,"Aquaculture","2021","Tonnes"
405,"New_Caledonia","Estimates by the Benefish studies of annual fisheries harvests","23-5",1350,"Coastal commercial","2007","Tonnes"
406,"New_Caledonia","Estimates by the Benefish studies of annual fisheries harvests","23-5",1350,"Coastal commercial","2014","Tonnes"
407,"New_Caledonia","Estimates by the Benefish studies of annual fisheries harvests","23-5",680,"Coastal commercial","2021","Tonnes"
408,"New_Caledonia","Estimates by the Benefish studies of annual fisheries harvests","23-5",3500,"Coastal subsistence","2007","Tonnes"
409,"New_Caledonia","Estimates by the Benefish studies of annual fisheries harvests","23-5",3500,"Coastal subsistence","2014","Tonnes"
410,"New_Caledonia","Estimates by the Benefish studies of annual fisheries harvests","23-5",4760,"Coastal subsistence","2021","Tonnes"
411,"New_Caledonia","Estimates by the Benefish studies of annual fisheries harvests","23-5",2122,"Offshore Locally Based","2007","Tonnes"
412,"New_Caledonia","Estimates by the Benefish studies of annual fisheries harvests","23-5",2876,"Offshore Locally Based","2014","Tonnes"
413,"New_Caledonia","Estimates by the Benefish studies of annual fisheries harvests","23-5",2625,"Offshore Locally Based","2021","Tonnes"
414,"New_Caledonia","Estimates by the Benefish studies of annual fisheries harvests","23-5",0,"Offshore Foreign Based","2007","Tonnes"
415,"New_Caledonia","Estimates by the Benefish studies of annual fisheries harvests","23-5",0,"Offshore Foreign Based","2014","Tonnes"
416,"New_Caledonia","Estimates by the Benefish studies of annual fisheries harvests","23-5",0,"Offshore Foreign Based","2021","Tonnes"
417,"New_Caledonia","Estimates by the Benefish studies of annual fisheries harvests","23-5",10,"Freshwater","2007","Tonnes"
418,"New_Caledonia","Estimates by the Benefish studies of annual fisheries harvests","23-5",10,"Freshwater","2014","Tonnes"
419,"New_Caledonia","Estimates by the Benefish studies of annual fisheries harvests","23-5",10,"Freshwater","2021","Tonnes"
420,"New_Caledonia","Estimates by the Benefish studies of annual fisheries harvests","23-5",1931,"Aquaculture","2007","Tonnes"
421,"New_Caledonia","Estimates by the Benefish studies of annual fisheries harvests","23-5",1733,"Aquaculture","2014","Tonnes"
422,"New_Caledonia","Estimates by the Benefish studies of annual fisheries harvests","23-5",1538,"Aquaculture","2021","Tonnes"
423,"New_Caledonia","Estimates by the Benefish studies of annual fisheries harvests","23-5",756000000,"Coastal commercial","2007","XPF"
424,"New_Caledonia","Estimates by the Benefish studies of annual fisheries harvests","23-5",915000000,"Coastal commercial","2014","XPF"
425,"New_Caledonia","Estimates by the Benefish studies of annual fisheries harvests","23-5",524280000,"Coastal commercial","2021","XPF"
426,"New_Caledonia","Estimates by the Benefish studies of annual fisheries harvests","23-5",1372000000,"Coastal subsistence","2007","XPF"
427,"New_Caledonia","Estimates by the Benefish studies of annual fisheries harvests","23-5",1660000000,"Coastal subsistence","2014","XPF"
428,"New_Caledonia","Estimates by the Benefish studies of annual fisheries harvests","23-5",2568972000,"Coastal subsistence","2021","XPF"
429,"New_Caledonia","Estimates by the Benefish studies of annual fisheries harvests","23-5",745000000,"Offshore Locally Based","2007","XPF"
430,"New_Caledonia","Estimates by the Benefish studies of annual fisheries harvests","23-5",1316600000,"Offshore Locally Based","2014","XPF"
431,"New_Caledonia","Estimates by the Benefish studies of annual fisheries harvests","23-5",1846000000,"Offshore Locally Based","2021","XPF"
432,"New_Caledonia","Estimates by the Benefish studies of annual fisheries harvests","23-5",0,"Offshore Foreign Based","2007","XPF"
433,"New_Caledonia","Estimates by the Benefish studies of annual fisheries harvests","23-5",0,"Offshore Foreign Based","2014","XPF"
434,"New_Caledonia","Estimates by the Benefish studies of annual fisheries harvests","23-5",0,"Offshore Foreign Based","2021","XPF"
435,"New_Caledonia","Estimates by the Benefish studies of annual fisheries harvests","23-5",3992000,"Freshwater","2007","XPF"
436,"New_Caledonia","Estimates by the Benefish studies of annual fisheries harvests","23-5",4743000,"Freshwater","2014","XPF"
437,"New_Caledonia","Estimates by the Benefish studies of annual fisheries harvests","23-5",5397000,"Freshwater","2021","XPF"
438,"New_Caledonia","Estimates by the Benefish studies of annual fisheries harvests","23-5",1443700000,"Aquaculture","2007","XPF"
439,"New_Caledonia","Estimates by the Benefish studies of annual fisheries harvests","23-5",1843500000,"Aquaculture","2014","XPF"
440,"New_Caledonia","Estimates by the Benefish studies of annual fisheries harvests","23-5",2088000000,"Aquaculture","2021","XPF"
441,"Niue","Estimates by the Benefish studies of annual fisheries harvests","12-2",12,"Coastal commercial","1999","Tonnes"
442,"Niue","Estimates by the Benefish studies of annual fisheries harvests","12-2",10,"Coastal commercial","2007","Tonnes"
443,"Niue","Estimates by the Benefish studies of annual fisheries harvests","12-2",11,"Coastal commercial","2014","Tonnes"
444,"Niue","Estimates by the Benefish studies of annual fisheries harvests","12-2",9,"Coastal commercial","2021","Tonnes"
445,"Niue","Estimates by the Benefish studies of annual fisheries harvests","12-2",194,"Coastal subsistence","1999","Tonnes"
446,"Niue","Estimates by the Benefish studies of annual fisheries harvests","12-2",140,"Coastal subsistence","2007","Tonnes"
447,"Niue","Estimates by the Benefish studies of annual fisheries harvests","12-2",154,"Coastal subsistence","2014","Tonnes"
448,"Niue","Estimates by the Benefish studies of annual fisheries harvests","12-2",160,"Coastal subsistence","2021","Tonnes"
449,"Niue","Estimates by the Benefish studies of annual fisheries harvests","12-2",0,"Offshore Locally Based","1999","Tonnes"
450,"Niue","Estimates by the Benefish studies of annual fisheries harvests","12-2",640,"Offshore Locally Based","2007","Tonnes"
451,"Niue","Estimates by the Benefish studies of annual fisheries harvests","12-2",0,"Offshore Locally Based","2014","Tonnes"
452,"Niue","Estimates by the Benefish studies of annual fisheries harvests","12-2",0,"Offshore Locally Based","2021","Tonnes"
453,"Niue","Estimates by the Benefish studies of annual fisheries harvests","12-2",2,"Offshore Foreign Based","1999","Tonnes"
454,"Niue","Estimates by the Benefish studies of annual fisheries harvests","12-2",0,"Offshore Foreign Based","2007","Tonnes"
455,"Niue","Estimates by the Benefish studies of annual fisheries harvests","12-2",547,"Offshore Foreign Based","2014","Tonnes"
456,"Niue","Estimates by the Benefish studies of annual fisheries harvests","12-2",0,"Offshore Foreign Based","2021","Tonnes"
457,"Niue","Estimates by the Benefish studies of annual fisheries harvests","12-2",0,"Freshwater","2007","Tonnes"
458,"Niue","Estimates by the Benefish studies of annual fisheries harvests","12-2",0,"Freshwater","2014","Tonnes"
459,"Niue","Estimates by the Benefish studies of annual fisheries harvests","12-2",0,"Freshwater","2021","Tonnes"
460,"Niue","Estimates by the Benefish studies of annual fisheries harvests","12-2",0,"Aquaculture","2007","Tonnes"
461,"Niue","Estimates by the Benefish studies of annual fisheries harvests","12-2",0,"Aquaculture","2014","Tonnes"
462,"Niue","Estimates by the Benefish studies of annual fisheries harvests","12-2",0,"Aquaculture","2021","Tonnes"
463,"Niue","Estimates by the Benefish studies of annual fisheries harvests","12-2",96000,"Coastal commercial","1999","NZ$"
464,"Niue","Estimates by the Benefish studies of annual fisheries harvests","12-2",80000,"Coastal commercial","2007","NZ$"
465,"Niue","Estimates by the Benefish studies of annual fisheries harvests","12-2",148500,"Coastal commercial","2014","NZ$"
466,"Niue","Estimates by the Benefish studies of annual fisheries harvests","12-2",135000,"Coastal commercial","2021","NZ$"
467,"Niue","Estimates by the Benefish studies of annual fisheries harvests","12-2",315640,"Coastal subsistence","1999","NZ$"
468,"Niue","Estimates by the Benefish studies of annual fisheries harvests","12-2",840000,"Coastal subsistence","2007","NZ$"
469,"Niue","Estimates by the Benefish studies of annual fisheries harvests","12-2",1455300,"Coastal subsistence","2014","NZ$"
470,"Niue","Estimates by the Benefish studies of annual fisheries harvests","12-2",1680000,"Coastal subsistence","2021","NZ$"
471,"Niue","Estimates by the Benefish studies of annual fisheries harvests","12-2",0,"Offshore Locally Based","1999","NZ$"
472,"Niue","Estimates by the Benefish studies of annual fisheries harvests","12-2",2508000,"Offshore Locally Based","2007","NZ$"
473,"Niue","Estimates by the Benefish studies of annual fisheries harvests","12-2",0,"Offshore Locally Based","2014","NZ$"
474,"Niue","Estimates by the Benefish studies of annual fisheries harvests","12-2",0,"Offshore Locally Based","2021","NZ$"
475,"Niue","Estimates by the Benefish studies of annual fisheries harvests","12-2",8000,"Offshore Foreign Based","1999","NZ$"
476,"Niue","Estimates by the Benefish studies of annual fisheries harvests","12-2",0,"Offshore Foreign Based","2007","NZ$"
477,"Niue","Estimates by the Benefish studies of annual fisheries harvests","12-2",1944943,"Offshore Foreign Based","2014","NZ$"
478,"Niue","Estimates by the Benefish studies of annual fisheries harvests","12-2",0,"Offshore Foreign Based","2021","NZ$"
479,"Niue","Estimates by the Benefish studies of annual fisheries harvests","12-2",0,"Freshwater","2007","NZ$"
480,"Niue","Estimates by the Benefish studies of annual fisheries harvests","12-2",0,"Freshwater","2014","NZ$"
481,"Niue","Estimates by the Benefish studies of annual fisheries harvests","12-2",0,"Freshwater","2021","NZ$"
482,"Niue","Estimates by the Benefish studies of annual fisheries harvests","12-2",0,"Aquaculture","2007","NZ$"
483,"Niue","Estimates by the Benefish studies of annual fisheries harvests","12-2",0,"Aquaculture","2014","NZ$"
484,"Niue","Estimates by the Benefish studies of annual fisheries harvests","12-2",0,"Aquaculture","2021","NZ$"
485,"Northern_Marianas_Islands","Estimates by the Benefish studies of annual fisheries harvests","24-4",231,"Coastal commercial","2007","Tonnes"
486,"Northern_Marianas_Islands","Estimates by the Benefish studies of annual fisheries harvests","24-4",142,"Coastal commercial","2014","Tonnes"
487,"Northern_Marianas_Islands","Estimates by the Benefish studies of annual fisheries harvests","24-4",183,"Coastal commercial","2021","Tonnes"
488,"Northern_Marianas_Islands","Estimates by the Benefish studies of annual fisheries harvests","24-4",220,"Coastal subsistence","2007","Tonnes"
489,"Northern_Marianas_Islands","Estimates by the Benefish studies of annual fisheries harvests","24-4",350,"Coastal subsistence","2014","Tonnes"
490,"Northern_Marianas_Islands","Estimates by the Benefish studies of annual fisheries harvests","24-4",204,"Coastal subsistence","2021","Tonnes"
491,"Northern_Marianas_Islands","Estimates by the Benefish studies of annual fisheries harvests","24-4",0,"Offshore Locally Based","2007","Tonnes"
492,"Northern_Marianas_Islands","Estimates by the Benefish studies of annual fisheries harvests","24-4",0,"Offshore Locally Based","2014","Tonnes"
493,"Northern_Marianas_Islands","Estimates by the Benefish studies of annual fisheries harvests","24-4",0,"Offshore Locally Based","2021","Tonnes"
494,"Northern_Marianas_Islands","Estimates by the Benefish studies of annual fisheries harvests","24-4",0,"Offshore Foreign Based","2007","Tonnes"
495,"Northern_Marianas_Islands","Estimates by the Benefish studies of annual fisheries harvests","24-4",0,"Offshore Foreign Based","2014","Tonnes"
496,"Northern_Marianas_Islands","Estimates by the Benefish studies of annual fisheries harvests","24-4",0,"Offshore Foreign Based","2021","Tonnes"
497,"Northern_Marianas_Islands","Estimates by the Benefish studies of annual fisheries harvests","24-4",0,"Freshwater","2007","Tonnes"
498,"Northern_Marianas_Islands","Estimates by the Benefish studies of annual fisheries harvests","24-4",0,"Freshwater","2014","Tonnes"
499,"Northern_Marianas_Islands","Estimates by the Benefish studies of annual fisheries harvests","24-4",0,"Freshwater","2021","Tonnes"
500,"Northern_Marianas_Islands","Estimates by the Benefish studies of annual fisheries harvests","24-4",14,"Aquaculture","2007","Tonnes"
501,"Northern_Marianas_Islands","Estimates by the Benefish studies of annual fisheries harvests","24-4",4115000,"Aquaculture","2014","Tonnes"
502,"Northern_Marianas_Islands","Estimates by the Benefish studies of annual fisheries harvests","24-4",227,"Aquaculture","2021","Tonnes"
503,"Northern_Marianas_Islands","Estimates by the Benefish studies of annual fisheries harvests","24-4",950000,"Coastal commercial","2007","US$"
504,"Northern_Marianas_Islands","Estimates by the Benefish studies of annual fisheries harvests","24-4",821356,"Coastal commercial","2014","US$"
505,"Northern_Marianas_Islands","Estimates by the Benefish studies of annual fisheries harvests","24-4",1175803,"Coastal commercial","2021","US$"
506,"Northern_Marianas_Islands","Estimates by the Benefish studies of annual fisheries harvests","24-4",631700,"Coastal subsistence","2007","US$"
507,"Northern_Marianas_Islands","Estimates by the Benefish studies of annual fisheries harvests","24-4",1400000,"Coastal subsistence","2014","US$"
508,"Northern_Marianas_Islands","Estimates by the Benefish studies of annual fisheries harvests","24-4",915960,"Coastal subsistence","2021","US$"
509,"Northern_Marianas_Islands","Estimates by the Benefish studies of annual fisheries harvests","24-4",0,"Offshore Locally Based","2007","US$"
510,"Northern_Marianas_Islands","Estimates by the Benefish studies of annual fisheries harvests","24-4",0,"Offshore Locally Based","2014","US$"
511,"Northern_Marianas_Islands","Estimates by the Benefish studies of annual fisheries harvests","24-4",0,"Offshore Locally Based","2021","US$"
512,"Northern_Marianas_Islands","Estimates by the Benefish studies of annual fisheries harvests","24-4",0,"Offshore Foreign Based","2007","US$"
513,"Northern_Marianas_Islands","Estimates by the Benefish studies of annual fisheries harvests","24-4",0,"Offshore Foreign Based","2014","US$"
514,"Northern_Marianas_Islands","Estimates by the Benefish studies of annual fisheries harvests","24-4",0,"Offshore Foreign Based","2021","US$"
515,"Northern_Marianas_Islands","Estimates by the Benefish studies of annual fisheries harvests","24-4",0,"Freshwater","2007","US$"
516,"Northern_Marianas_Islands","Estimates by the Benefish studies of annual fisheries harvests","24-4",0,"Freshwater","2014","US$"
517,"Northern_Marianas_Islands","Estimates by the Benefish studies of annual fisheries harvests","24-4",0,"Freshwater","2021","US$"
518,"Northern_Marianas_Islands","Estimates by the Benefish studies of annual fisheries harvests","24-4",205000,"Aquaculture","2007","US$"
519,"Northern_Marianas_Islands","Estimates by the Benefish studies of annual fisheries harvests","24-4",1130000,"Aquaculture","2014","US$"
520,"Northern_Marianas_Islands","Estimates by the Benefish studies of annual fisheries harvests","24-4",16250,"Aquaculture","2021","US$"
521,"Palau","Estimates by the Benefish studies of annual fisheries harvests","13-6",865,"Coastal commercial","1999","Tonnes"
522,"Palau","Estimates by the Benefish studies of annual fisheries harvests","13-6",865,"Coastal commercial","2007","Tonnes"
523,"Palau","Estimates by the Benefish studies of annual fisheries harvests","13-6",865,"Coastal commercial","2014","Tonnes"
524,"Palau","Estimates by the Benefish studies of annual fisheries harvests","13-6",1000,"Coastal commercial","2021","Tonnes"
525,"Palau","Estimates by the Benefish studies of annual fisheries harvests","13-6",1250,"Coastal subsistence","1999","Tonnes"
526,"Palau","Estimates by the Benefish studies of annual fisheries harvests","13-6",1250,"Coastal subsistence","2007","Tonnes"
527,"Palau","Estimates by the Benefish studies of annual fisheries harvests","13-6",1250,"Coastal subsistence","2014","Tonnes"
528,"Palau","Estimates by the Benefish studies of annual fisheries harvests","13-6",1400,"Coastal subsistence","2021","Tonnes"
529,"Palau","Estimates by the Benefish studies of annual fisheries harvests","13-6",2500,"Offshore Locally Based","1999","Tonnes"
530,"Palau","Estimates by the Benefish studies of annual fisheries harvests","13-6",3030,"Offshore Locally Based","2007","Tonnes"
531,"Palau","Estimates by the Benefish studies of annual fisheries harvests","13-6",3987,"Offshore Locally Based","2014","Tonnes"
532,"Palau","Estimates by the Benefish studies of annual fisheries harvests","13-6",41,"Offshore Locally Based","2021","Tonnes"
533,"Palau","Estimates by the Benefish studies of annual fisheries harvests","13-6",124,"Offshore Foreign Based","1999","Tonnes"
534,"Palau","Estimates by the Benefish studies of annual fisheries harvests","13-6",1464,"Offshore Foreign Based","2007","Tonnes"
535,"Palau","Estimates by the Benefish studies of annual fisheries harvests","13-6",4017,"Offshore Foreign Based","2014","Tonnes"
536,"Palau","Estimates by the Benefish studies of annual fisheries harvests","13-6",1315,"Offshore Foreign Based","2021","Tonnes"
537,"Palau","Estimates by the Benefish studies of annual fisheries harvests","13-6",1,"Freshwater","2007","Tonnes"
538,"Palau","Estimates by the Benefish studies of annual fisheries harvests","13-6",1,"Freshwater","2014","Tonnes"
539,"Palau","Estimates by the Benefish studies of annual fisheries harvests","13-6",2595000,"Coastal commercial","1999","US$"
540,"Palau","Estimates by the Benefish studies of annual fisheries harvests","13-6",2843000,"Coastal commercial","2007","US$"
541,"Palau","Estimates by the Benefish studies of annual fisheries harvests","13-6",3200000,"Coastal commercial","2014","US$"
542,"Palau","Estimates by the Benefish studies of annual fisheries harvests","13-6",5510000,"Coastal commercial","2021","US$"
543,"Palau","Estimates by the Benefish studies of annual fisheries harvests","13-6",2500000,"Coastal subsistence","1999","US$"
544,"Palau","Estimates by the Benefish studies of annual fisheries harvests","13-6",2511000,"Coastal subsistence","2007","US$"
545,"Palau","Estimates by the Benefish studies of annual fisheries harvests","13-6",3300000,"Coastal subsistence","2014","US$"
546,"Palau","Estimates by the Benefish studies of annual fisheries harvests","13-6",5399800,"Coastal subsistence","2021","US$"
547,"Palau","Estimates by the Benefish studies of annual fisheries harvests","13-6",12500000,"Offshore Locally Based","1999","US$"
548,"Palau","Estimates by the Benefish studies of annual fisheries harvests","13-6",13779656,"Offshore Locally Based","2007","US$"
549,"Palau","Estimates by the Benefish studies of annual fisheries harvests","13-6",31471000,"Offshore Locally Based","2014","US$"
550,"Palau","Estimates by the Benefish studies of annual fisheries harvests","13-6",395250,"Offshore Locally Based","2021","US$"
551,"Palau","Estimates by the Benefish studies of annual fisheries harvests","13-6",270000,"Offshore Foreign Based","1999","US$"
552,"Palau","Estimates by the Benefish studies of annual fisheries harvests","13-6",4947496,"Offshore Foreign Based","2007","US$"
553,"Palau","Estimates by the Benefish studies of annual fisheries harvests","13-6",18555070,"Offshore Foreign Based","2014","US$"
554,"Palau","Estimates by the Benefish studies of annual fisheries harvests","13-6",10968872,"Offshore Foreign Based","2021","US$"
555,"Palau","Estimates by the Benefish studies of annual fisheries harvests","13-6",8000,"Freshwater","2007","US$"
556,"Palau","Estimates by the Benefish studies of annual fisheries harvests","13-6",10000,"Freshwater","2014","US$"
557,"Palau","Estimates by the Benefish studies of annual fisheries harvests","13-6",50000,"Aquaculture","2007","US$"
558,"Palau","Estimates by the Benefish studies of annual fisheries harvests","13-6",285000,"Aquaculture","2014","US$"
559,"Palau","Estimates by the Benefish studies of annual fisheries harvests","13-6",89000,"Aquaculture","2021","US$"
560,"Palau","Estimates by the Benefish studies of annual fisheries harvests","13-6",2,"Aquaculture","2007","Tonnes"
561,"Palau","Estimates by the Benefish studies of annual fisheries harvests","13-6",22,"Aquaculture","2014","Tonnes"
562,"Palau","Estimates by the Benefish studies of annual fisheries harvests","13-6",11,"Aquaculture","2021","Tonnes"
563,"Palau","Estimates by the Benefish studies of annual fisheries harvests","13-6",3100,"Aquaculture","2007","Pieces"
564,"Palau","Estimates by the Benefish studies of annual fisheries harvests","13-6",343800,"Aquaculture","2014","Pieces"
565,"Palau","Estimates by the Benefish studies of annual fisheries harvests","13-6",4419,"Aquaculture","2021","Pieces"
566,"Papau_New_Guinea","Estimates by the Benefish studies of annual fisheries harvests","14-5",5500,"Coastal commercial","1999","Tonnes"
567,"Papau_New_Guinea","Estimates by the Benefish studies of annual fisheries harvests","14-5",5700,"Coastal commercial","2007","Tonnes"
568,"Papau_New_Guinea","Estimates by the Benefish studies of annual fisheries harvests","14-5",6500,"Coastal commercial","2014","Tonnes"
569,"Papau_New_Guinea","Estimates by the Benefish studies of annual fisheries harvests","14-5",6000,"Coastal commercial","2021","Tonnes"
570,"Papau_New_Guinea","Estimates by the Benefish studies of annual fisheries harvests","14-5",26000,"Coastal subsistence","1999","Tonnes"
571,"Papau_New_Guinea","Estimates by the Benefish studies of annual fisheries harvests","14-5",30000,"Coastal subsistence","2007","Tonnes"
572,"Papau_New_Guinea","Estimates by the Benefish studies of annual fisheries harvests","14-5",35000,"Coastal subsistence","2014","Tonnes"
573,"Papau_New_Guinea","Estimates by the Benefish studies of annual fisheries harvests","14-5",40000,"Coastal subsistence","2021","Tonnes"
574,"Papau_New_Guinea","Estimates by the Benefish studies of annual fisheries harvests","14-5",50500,"Offshore Locally Based","1999","Tonnes"
575,"Papau_New_Guinea","Estimates by the Benefish studies of annual fisheries harvests","14-5",256397,"Offshore Locally Based","2007","Tonnes"
576,"Papau_New_Guinea","Estimates by the Benefish studies of annual fisheries harvests","14-5",216896,"Offshore Locally Based","2014","Tonnes"
577,"Papau_New_Guinea","Estimates by the Benefish studies of annual fisheries harvests","14-5",170755,"Offshore Locally Based","2021","Tonnes"
578,"Papau_New_Guinea","Estimates by the Benefish studies of annual fisheries harvests","14-5",85000,"Offshore Foreign Based","1999","Tonnes"
579,"Papau_New_Guinea","Estimates by the Benefish studies of annual fisheries harvests","14-5",327471,"Offshore Foreign Based","2007","Tonnes"
580,"Papau_New_Guinea","Estimates by the Benefish studies of annual fisheries harvests","14-5",217871,"Offshore Foreign Based","2014","Tonnes"
581,"Papau_New_Guinea","Estimates by the Benefish studies of annual fisheries harvests","14-5",161133,"Offshore Foreign Based","2021","Tonnes"
582,"Papau_New_Guinea","Estimates by the Benefish studies of annual fisheries harvests","14-5",17500,"Freshwater","2007","Tonnes"
583,"Papau_New_Guinea","Estimates by the Benefish studies of annual fisheries harvests","14-5",20000,"Freshwater","2014","Tonnes"
584,"Papau_New_Guinea","Estimates by the Benefish studies of annual fisheries harvests","14-5",23000,"Freshwater","2021","Tonnes"
585,"Papau_New_Guinea","Estimates by the Benefish studies of annual fisheries harvests","14-5",55000000,"Coastal commercial","1999","K"
586,"Papau_New_Guinea","Estimates by the Benefish studies of annual fisheries harvests","14-5",80000000,"Coastal commercial","2007","K"
587,"Papau_New_Guinea","Estimates by the Benefish studies of annual fisheries harvests","14-5",130000000,"Coastal commercial","2014","K"
588,"Papau_New_Guinea","Estimates by the Benefish studies of annual fisheries harvests","14-5",66000000,"Coastal commercial","2021","K"
589,"Papau_New_Guinea","Estimates by the Benefish studies of annual fisheries harvests","14-5",52000000,"Coastal subsistence","1999","K"
590,"Papau_New_Guinea","Estimates by the Benefish studies of annual fisheries harvests","14-5",105000000,"Coastal subsistence","2007","K"
591,"Papau_New_Guinea","Estimates by the Benefish studies of annual fisheries harvests","14-5",171500000,"Coastal subsistence","2014","K"
592,"Papau_New_Guinea","Estimates by the Benefish studies of annual fisheries harvests","14-5",280000000,"Coastal subsistence","2021","K"
593,"Papau_New_Guinea","Estimates by the Benefish studies of annual fisheries harvests","14-5",114000000,"Offshore Locally Based","1999","K"
594,"Papau_New_Guinea","Estimates by the Benefish studies of annual fisheries harvests","14-5",1024089635,"Offshore Locally Based","2007","K"
595,"Papau_New_Guinea","Estimates by the Benefish studies of annual fisheries harvests","14-5",803688032,"Offshore Locally Based","2014","K"
596,"Papau_New_Guinea","Estimates by the Benefish studies of annual fisheries harvests","14-5",719000000,"Offshore Locally Based","2021","K"
597,"Papau_New_Guinea","Estimates by the Benefish studies of annual fisheries harvests","14-5",193000000,"Offshore Foreign Based","1999","K"
598,"Papau_New_Guinea","Estimates by the Benefish studies of annual fisheries harvests","14-5",1143631355,"Offshore Foreign Based","2007","K"
599,"Papau_New_Guinea","Estimates by the Benefish studies of annual fisheries harvests","14-5",799393686,"Offshore Foreign Based","2014","K"
600,"Papau_New_Guinea","Estimates by the Benefish studies of annual fisheries harvests","14-5",732000000,"Offshore Foreign Based","2021","K"
601,"Papau_New_Guinea","Estimates by the Benefish studies of annual fisheries harvests","14-5",49000000,"Freshwater","2007","K"
602,"Papau_New_Guinea","Estimates by the Benefish studies of annual fisheries harvests","14-5",98000000,"Freshwater","2014","K"
603,"Papau_New_Guinea","Estimates by the Benefish studies of annual fisheries harvests","14-5",129000000,"Freshwater","2021","K"
604,"Papau_New_Guinea","Estimates by the Benefish studies of annual fisheries harvests","14-5",2000000,"Aquaculture","2007","K"
605,"Papau_New_Guinea","Estimates by the Benefish studies of annual fisheries harvests","14-5",3156700,"Aquaculture","2014","K"
606,"Papau_New_Guinea","Estimates by the Benefish studies of annual fisheries harvests","14-5",12000000,"Aquaculture","2021","K"
607,"Papau_New_Guinea","Estimates by the Benefish studies of annual fisheries harvests","14-5",145,"Aquaculture","2014","Tonnes"
608,"Papau_New_Guinea","Estimates by the Benefish studies of annual fisheries harvests","14-5",850,"Aquaculture","2021","Tonnes"
609,"Papau_New_Guinea","Estimates by the Benefish studies of annual fisheries harvests","14-5",160000,"Aquaculture","2014","Pieces"
610,"Papau_New_Guinea","Estimates by the Benefish studies of annual fisheries harvests","14-5",10000,"Aquaculture","2021","Pieces"
611,"Pitcairn_Islands","Estimates by the Benefish studies of annual fisheries harvests","25-2",5,"Coastal commercial","2007","Tonnes"
612,"Pitcairn_Islands","Estimates by the Benefish studies of annual fisheries harvests","25-2",3,"Coastal commercial","2014","Tonnes"
613,"Pitcairn_Islands","Estimates by the Benefish studies of annual fisheries harvests","25-2",3,"Coastal commercial","2021","Tonnes"
614,"Pitcairn_Islands","Estimates by the Benefish studies of annual fisheries harvests","25-2",7,"Coastal subsistence","2007","Tonnes"
615,"Pitcairn_Islands","Estimates by the Benefish studies of annual fisheries harvests","25-2",6,"Coastal subsistence","2014","Tonnes"
616,"Pitcairn_Islands","Estimates by the Benefish studies of annual fisheries harvests","25-2",6,"Coastal subsistence","2021","Tonnes"
617,"Pitcairn_Islands","Estimates by the Benefish studies of annual fisheries harvests","25-2",51000,"Coastal commercial","2007","NZ$"
618,"Pitcairn_Islands","Estimates by the Benefish studies of annual fisheries harvests","25-2",18000,"Coastal commercial","2014","NZ$"
619,"Pitcairn_Islands","Estimates by the Benefish studies of annual fisheries harvests","25-2",27000,"Coastal commercial","2021","NZ$"
620,"Pitcairn_Islands","Estimates by the Benefish studies of annual fisheries harvests","25-2",50000,"Coastal subsistence","2007","NZ$"
621,"Pitcairn_Islands","Estimates by the Benefish studies of annual fisheries harvests","25-2",12000,"Coastal subsistence","2014","NZ$"
622,"Pitcairn_Islands","Estimates by the Benefish studies of annual fisheries harvests","25-2",21000,"Coastal subsistence","2021","NZ$"
623,"Samoa","Estimates by the Benefish studies of annual fisheries harvests","15-3",3086,"Coastal commercial","1999","Tonnes"
624,"Samoa","Estimates by the Benefish studies of annual fisheries harvests","15-3",4129,"Coastal commercial","2007","Tonnes"
625,"Samoa","Estimates by the Benefish studies of annual fisheries harvests","15-3",5000,"Coastal commercial","2014","Tonnes"
626,"Samoa","Estimates by the Benefish studies of annual fisheries harvests","15-3",5500,"Coastal commercial","2021","Tonnes"
627,"Samoa","Estimates by the Benefish studies of annual fisheries harvests","15-3",4293,"Coastal subsistence","1999","Tonnes"
628,"Samoa","Estimates by the Benefish studies of annual fisheries harvests","15-3",4495,"Coastal subsistence","2007","Tonnes"
629,"Samoa","Estimates by the Benefish studies of annual fisheries harvests","15-3",5000,"Coastal subsistence","2014","Tonnes"
630,"Samoa","Estimates by the Benefish studies of annual fisheries harvests","15-3",5500,"Coastal subsistence","2021","Tonnes"
631,"Samoa","Estimates by the Benefish studies of annual fisheries harvests","15-3",5156,"Offshore Locally Based","1999","Tonnes"
632,"Samoa","Estimates by the Benefish studies of annual fisheries harvests","15-3",3755,"Offshore Locally Based","2007","Tonnes"
633,"Samoa","Estimates by the Benefish studies of annual fisheries harvests","15-3",1254,"Offshore Locally Based","2014","Tonnes"
634,"Samoa","Estimates by the Benefish studies of annual fisheries harvests","15-3",1001,"Offshore Locally Based","2021","Tonnes"
635,"Samoa","Estimates by the Benefish studies of annual fisheries harvests","15-3",100,"Offshore Foreign Based","1999","Tonnes"
636,"Samoa","Estimates by the Benefish studies of annual fisheries harvests","15-3",25,"Offshore Foreign Based","2007","Tonnes"
637,"Samoa","Estimates by the Benefish studies of annual fisheries harvests","15-3",0,"Offshore Foreign Based","2014","Tonnes"
638,"Samoa","Estimates by the Benefish studies of annual fisheries harvests","15-3",0,"Offshore Foreign Based","2021","Tonnes"
639,"Samoa","Estimates by the Benefish studies of annual fisheries harvests","15-3",10,"Freshwater","2007","Tonnes"
640,"Samoa","Estimates by the Benefish studies of annual fisheries harvests","15-3",10,"Freshwater","2014","Tonnes"
641,"Samoa","Estimates by the Benefish studies of annual fisheries harvests","15-3",10,"Freshwater","2021","Tonnes"
642,"Samoa","Estimates by the Benefish studies of annual fisheries harvests","15-3",19900000,"Coastal commercial","1999","ST$"
643,"Samoa","Estimates by the Benefish studies of annual fisheries harvests","15-3",51240890,"Coastal commercial","2007","ST$"
644,"Samoa","Estimates by the Benefish studies of annual fisheries harvests","15-3",42500000,"Coastal commercial","2014","ST$"
645,"Samoa","Estimates by the Benefish studies of annual fisheries harvests","15-3",58000000,"Coastal commercial","2021","ST$"
646,"Samoa","Estimates by the Benefish studies of annual fisheries harvests","15-3",21594000,"Coastal subsistence","1999","ST$"
647,"Samoa","Estimates by the Benefish studies of annual fisheries harvests","15-3",39048065,"Coastal subsistence","2007","ST$"
648,"Samoa","Estimates by the Benefish studies of annual fisheries harvests","15-3",29750000,"Coastal subsistence","2014","ST$"
649,"Samoa","Estimates by the Benefish studies of annual fisheries harvests","15-3",40000000,"Coastal subsistence","2021","ST$"
650,"Samoa","Estimates by the Benefish studies of annual fisheries harvests","15-3",29748440,"Offshore Locally Based","1999","ST$"
651,"Samoa","Estimates by the Benefish studies of annual fisheries harvests","15-3",21910631,"Offshore Locally Based","2007","ST$"
652,"Samoa","Estimates by the Benefish studies of annual fisheries harvests","15-3",11152478,"Offshore Locally Based","2014","ST$"
653,"Samoa","Estimates by the Benefish studies of annual fisheries harvests","15-3",10300000,"Offshore Locally Based","2021","ST$"
654,"Samoa","Estimates by the Benefish studies of annual fisheries harvests","15-3",300000,"Offshore Foreign Based","1999","ST$"
655,"Samoa","Estimates by the Benefish studies of annual fisheries harvests","15-3",129166,"Offshore Foreign Based","2007","ST$"
656,"Samoa","Estimates by the Benefish studies of annual fisheries harvests","15-3",0,"Offshore Foreign Based","2014","ST$"
657,"Samoa","Estimates by the Benefish studies of annual fisheries harvests","15-3",0,"Offshore Foreign Based","2021","ST$"
658,"Samoa","Estimates by the Benefish studies of annual fisheries harvests","15-3",87000,"Freshwater","2007","ST$"
659,"Samoa","Estimates by the Benefish studies of annual fisheries harvests","15-3",54259,"Freshwater","2014","ST$"
660,"Samoa","Estimates by the Benefish studies of annual fisheries harvests","15-3",73500,"Freshwater","2021","ST$"
661,"Samoa","Estimates by the Benefish studies of annual fisheries harvests","15-3",66000,"Aquaculture","2007","ST$"
662,"Samoa","Estimates by the Benefish studies of annual fisheries harvests","15-3",87000,"Aquaculture","2014","ST$"
663,"Samoa","Estimates by the Benefish studies of annual fisheries harvests","15-3",107500,"Aquaculture","2021","ST$"
664,"Samoa","Estimates by the Benefish studies of annual fisheries harvests","15-3",12,"Aquaculture","2007","Tonnes"
665,"Samoa","Estimates by the Benefish studies of annual fisheries harvests","15-3",10,"Aquaculture","2014","Tonnes"
666,"Samoa","Estimates by the Benefish studies of annual fisheries harvests","15-3",65,"Aquaculture","2021","Tonnes"
667,"Samoa","Estimates by the Benefish studies of annual fisheries harvests","15-3",10000,"Aquaculture","2021","Pieces"
668,"Solomon_Islands","Estimates by the Benefish studies of annual fisheries harvests","16-6",3200,"Coastal commercial","1999","Tonnes"
669,"Solomon_Islands","Estimates by the Benefish studies of annual fisheries harvests","16-6",3250,"Coastal commercial","2007","Tonnes"
670,"Solomon_Islands","Estimates by the Benefish studies of annual fisheries harvests","16-6",6468,"Coastal commercial","2014","Tonnes"
671,"Solomon_Islands","Estimates by the Benefish studies of annual fisheries harvests","16-6",5000,"Coastal commercial","2021","Tonnes"
672,"Solomon_Islands","Estimates by the Benefish studies of annual fisheries harvests","16-6",13000,"Coastal subsistence","1999","Tonnes"
673,"Solomon_Islands","Estimates by the Benefish studies of annual fisheries harvests","16-6",15000,"Coastal subsistence","2007","Tonnes"
674,"Solomon_Islands","Estimates by the Benefish studies of annual fisheries harvests","16-6",20000,"Coastal subsistence","2014","Tonnes"
675,"Solomon_Islands","Estimates by the Benefish studies of annual fisheries harvests","16-6",25000,"Coastal subsistence","2021","Tonnes"
676,"Solomon_Islands","Estimates by the Benefish studies of annual fisheries harvests","16-6",73328,"Offshore Locally Based","1999","Tonnes"
677,"Solomon_Islands","Estimates by the Benefish studies of annual fisheries harvests","16-6",23619,"Offshore Locally Based","2007","Tonnes"
678,"Solomon_Islands","Estimates by the Benefish studies of annual fisheries harvests","16-6",41523,"Offshore Locally Based","2014","Tonnes"
679,"Solomon_Islands","Estimates by the Benefish studies of annual fisheries harvests","16-6",50597,"Offshore Locally Based","2021","Tonnes"
680,"Solomon_Islands","Estimates by the Benefish studies of annual fisheries harvests","16-6",948,"Offshore Foreign Based","1999","Tonnes"
681,"Solomon_Islands","Estimates by the Benefish studies of annual fisheries harvests","16-6",98023,"Offshore Foreign Based","2007","Tonnes"
682,"Solomon_Islands","Estimates by the Benefish studies of annual fisheries harvests","16-6",36573,"Offshore Foreign Based","2014","Tonnes"
683,"Solomon_Islands","Estimates by the Benefish studies of annual fisheries harvests","16-6",62234,"Offshore Foreign Based","2021","Tonnes"
684,"Solomon_Islands","Estimates by the Benefish studies of annual fisheries harvests","16-6",2000,"Freshwater","2007","Tonnes"
685,"Solomon_Islands","Estimates by the Benefish studies of annual fisheries harvests","16-6",2300,"Freshwater","2014","Tonnes"
686,"Solomon_Islands","Estimates by the Benefish studies of annual fisheries harvests","16-6",2500,"Freshwater","2021","Tonnes"
687,"Solomon_Islands","Estimates by the Benefish studies of annual fisheries harvests","16-6",9200000,"Coastal commercial","1999","SI$"
688,"Solomon_Islands","Estimates by the Benefish studies of annual fisheries harvests","16-6",25300000,"Coastal commercial","2007","SI$"
689,"Solomon_Islands","Estimates by the Benefish studies of annual fisheries harvests","16-6",98032500,"Coastal commercial","2014","SI$"
690,"Solomon_Islands","Estimates by the Benefish studies of annual fisheries harvests","16-6",80000000,"Coastal commercial","2021","SI$"
691,"Solomon_Islands","Estimates by the Benefish studies of annual fisheries harvests","16-6",39000000,"Coastal subsistence","1999","SI$"
692,"Solomon_Islands","Estimates by the Benefish studies of annual fisheries harvests","16-6",84000000,"Coastal subsistence","2007","SI$"
693,"Solomon_Islands","Estimates by the Benefish studies of annual fisheries harvests","16-6",252000000,"Coastal subsistence","2014","SI$"
694,"Solomon_Islands","Estimates by the Benefish studies of annual fisheries harvests","16-6",325000000,"Coastal subsistence","2021","SI$"
695,"Solomon_Islands","Estimates by the Benefish studies of annual fisheries harvests","16-6",335000000,"Offshore Locally Based","1999","SI$"
696,"Solomon_Islands","Estimates by the Benefish studies of annual fisheries harvests","16-6",249864889,"Offshore Locally Based","2007","SI$"
697,"Solomon_Islands","Estimates by the Benefish studies of annual fisheries harvests","16-6",438879607,"Offshore Locally Based","2014","SI$"
698,"Solomon_Islands","Estimates by the Benefish studies of annual fisheries harvests","16-6",637151003,"Offshore Locally Based","2021","SI$"
699,"Solomon_Islands","Estimates by the Benefish studies of annual fisheries harvests","16-6",4000000,"Offshore Foreign Based","1999","SI$"
700,"Solomon_Islands","Estimates by the Benefish studies of annual fisheries harvests","16-6",1174648841,"Offshore Foreign Based","2007","SI$"
701,"Solomon_Islands","Estimates by the Benefish studies of annual fisheries harvests","16-6",604512524,"Offshore Foreign Based","2014","SI$"
702,"Solomon_Islands","Estimates by the Benefish studies of annual fisheries harvests","16-6",631789004,"Offshore Foreign Based","2021","SI$"
703,"Solomon_Islands","Estimates by the Benefish studies of annual fisheries harvests","16-6",11200000,"Freshwater","2007","SI$"
704,"Solomon_Islands","Estimates by the Benefish studies of annual fisheries harvests","16-6",29000000,"Freshwater","2014","SI$"
705,"Solomon_Islands","Estimates by the Benefish studies of annual fisheries harvests","16-6",34000000,"Freshwater","2021","SI$"
706,"Solomon_Islands","Estimates by the Benefish studies of annual fisheries harvests","16-6",311000,"Aquaculture","2007","SI$"
707,"Solomon_Islands","Estimates by the Benefish studies of annual fisheries harvests","16-6",5900000,"Aquaculture","2014","SI$"
708,"Solomon_Islands","Estimates by the Benefish studies of annual fisheries harvests","16-6",15750000,"Aquaculture","2021","SI$"
709,"Solomon_Islands","Estimates by the Benefish studies of annual fisheries harvests","16-6",165,"Aquaculture","2007","Tonnes"
710,"Solomon_Islands","Estimates by the Benefish studies of annual fisheries harvests","16-6",1530,"Aquaculture","2014","Tonnes"
711,"Solomon_Islands","Estimates by the Benefish studies of annual fisheries harvests","16-6",3150,"Aquaculture","2021","Tonnes"
712,"Solomon_Islands","Estimates by the Benefish studies of annual fisheries harvests","16-6",8202,"Aquaculture","2007","Pieces"
713,"Solomon_Islands","Estimates by the Benefish studies of annual fisheries harvests","16-6",20000,"Aquaculture","2014","Pieces"
714,"Tokelau","Estimates by the Benefish studies of annual fisheries harvests","26-5",0,"Coastal commercial","2007","Tonnes"
715,"Tokelau","Estimates by the Benefish studies of annual fisheries harvests","26-5",40,"Coastal commercial","2014","Tonnes"
716,"Tokelau","Estimates by the Benefish studies of annual fisheries harvests","26-5",0,"Coastal commercial","2021","Tonnes"
717,"Tokelau","Estimates by the Benefish studies of annual fisheries harvests","26-5",375,"Coastal subsistence","2007","Tonnes"
718,"Tokelau","Estimates by the Benefish studies of annual fisheries harvests","26-5",360,"Coastal subsistence","2014","Tonnes"
719,"Tokelau","Estimates by the Benefish studies of annual fisheries harvests","26-5",300,"Coastal subsistence","2021","Tonnes"
720,"Tokelau","Estimates by the Benefish studies of annual fisheries harvests","26-5",0,"Offshore Locally Based","2007","Tonnes"
721,"Tokelau","Estimates by the Benefish studies of annual fisheries harvests","26-5",0,"Offshore Locally Based","2014","Tonnes"
722,"Tokelau","Estimates by the Benefish studies of annual fisheries harvests","26-5",0,"Offshore Locally Based","2021","Tonnes"
723,"Tokelau","Estimates by the Benefish studies of annual fisheries harvests","26-5",318,"Offshore Foreign Based","2007","Tonnes"
724,"Tokelau","Estimates by the Benefish studies of annual fisheries harvests","26-5",24286,"Offshore Foreign Based","2014","Tonnes"
725,"Tokelau","Estimates by the Benefish studies of annual fisheries harvests","26-5",5548,"Offshore Foreign Based","2021","Tonnes"
726,"Tokelau","Estimates by the Benefish studies of annual fisheries harvests","26-5",0,"Freshwater","2007","Tonnes"
727,"Tokelau","Estimates by the Benefish studies of annual fisheries harvests","26-5",0,"Freshwater","2014","Tonnes"
728,"Tokelau","Estimates by the Benefish studies of annual fisheries harvests","26-5",0,"Freshwater","2021","Tonnes"
729,"Tokelau","Estimates by the Benefish studies of annual fisheries harvests","26-5",0,"Aquaculture","2007","Tonnes"
730,"Tokelau","Estimates by the Benefish studies of annual fisheries harvests","26-5",0,"Aquaculture","2014","Tonnes"
731,"Tokelau","Estimates by the Benefish studies of annual fisheries harvests","26-5",0,"Aquaculture","2021","Tonnes"
732,"Tokelau","Estimates by the Benefish studies of annual fisheries harvests","26-5",0,"Coastal commercial","2007","NZ$"
733,"Tokelau","Estimates by the Benefish studies of annual fisheries harvests","26-5",140000,"Coastal commercial","2014","NZ$"
734,"Tokelau","Estimates by the Benefish studies of annual fisheries harvests","26-5",0,"Coastal commercial","2021","NZ$"
735,"Tokelau","Estimates by the Benefish studies of annual fisheries harvests","26-5",967500,"Coastal subsistence","2007","NZ$"
736,"Tokelau","Estimates by the Benefish studies of annual fisheries harvests","26-5",882000,"Coastal subsistence","2014","NZ$"
737,"Tokelau","Estimates by the Benefish studies of annual fisheries harvests","26-5",1050000,"Coastal subsistence","2021","NZ$"
738,"Tokelau","Estimates by the Benefish studies of annual fisheries harvests","26-5",0,"Offshore Locally Based","2007","NZ$"
739,"Tokelau","Estimates by the Benefish studies of annual fisheries harvests","26-5",0,"Offshore Locally Based","2014","NZ$"
740,"Tokelau","Estimates by the Benefish studies of annual fisheries harvests","26-5",0,"Offshore Locally Based","2021","NZ$"
741,"Tokelau","Estimates by the Benefish studies of annual fisheries harvests","26-5",540484,"Offshore Foreign Based","2007","NZ$"
742,"Tokelau","Estimates by the Benefish studies of annual fisheries harvests","26-5",42500000,"Offshore Foreign Based","2014","NZ$"
743,"Tokelau","Estimates by the Benefish studies of annual fisheries harvests","26-5",13986000,"Offshore Foreign Based","2021","NZ$"
744,"Tokelau","Estimates by the Benefish studies of annual fisheries harvests","26-5",0,"Freshwater","2007","NZ$"
745,"Tokelau","Estimates by the Benefish studies of annual fisheries harvests","26-5",0,"Freshwater","2014","NZ$"
746,"Tokelau","Estimates by the Benefish studies of annual fisheries harvests","26-5",0,"Freshwater","2021","NZ$"
747,"Tokelau","Estimates by the Benefish studies of annual fisheries harvests","26-5",0,"Aquaculture","2007","NZ$"
748,"Tokelau","Estimates by the Benefish studies of annual fisheries harvests","26-5",0,"Aquaculture","2014","NZ$"
749,"Tokelau","Estimates by the Benefish studies of annual fisheries harvests","26-5",0,"Aquaculture","2021","NZ$"
750,"Tonga","Estimates by the Benefish studies of annual fisheries harvests","17-3",4173,"Harvest sector","1999","Tonnes"
751,"Tonga","Estimates by the Benefish studies of annual fisheries harvests","17-3",3700,"Coastal commercial","2007","Tonnes"
752,"Tonga","Estimates by the Benefish studies of annual fisheries harvests","17-3",3900,"Coastal commercial","2014","Tonnes"
753,"Tonga","Estimates by the Benefish studies of annual fisheries harvests","17-3",3500,"Coastal commercial","2021","Tonnes"
754,"Tonga","Estimates by the Benefish studies of annual fisheries harvests","17-3",2863,"Coastal subsistence","1999","Tonnes"
755,"Tonga","Estimates by the Benefish studies of annual fisheries harvests","17-3",2800,"Coastal subsistence","2007","Tonnes"
756,"Tonga","Estimates by the Benefish studies of annual fisheries harvests","17-3",3000,"Coastal subsistence","2014","Tonnes"
757,"Tonga","Estimates by the Benefish studies of annual fisheries harvests","17-3",3500,"Coastal subsistence","2021","Tonnes"
758,"Tonga","Estimates by the Benefish studies of annual fisheries harvests","17-3",800,"Offshore Locally Based","1999","Tonnes"
759,"Tonga","Estimates by the Benefish studies of annual fisheries harvests","17-3",1119,"Offshore Locally Based","2007","Tonnes"
760,"Tonga","Estimates by the Benefish studies of annual fisheries harvests","17-3",1363,"Offshore Locally Based","2014","Tonnes"
761,"Tonga","Estimates by the Benefish studies of annual fisheries harvests","17-3",290,"Offshore Locally Based","2021","Tonnes"
762,"Tonga","Estimates by the Benefish studies of annual fisheries harvests","17-3",45,"Offshore Foreign Based","1999","Tonnes"
763,"Tonga","Estimates by the Benefish studies of annual fisheries harvests","17-3",0,"Offshore Foreign Based","2007","Tonnes"
764,"Tonga","Estimates by the Benefish studies of annual fisheries harvests","17-3",1891,"Offshore Foreign Based","2014","Tonnes"
765,"Tonga","Estimates by the Benefish studies of annual fisheries harvests","17-3",1759,"Offshore Foreign Based","2021","Tonnes"
766,"Tonga","Estimates by the Benefish studies of annual fisheries harvests","17-3",1,"Freshwater","2007","Tonnes"
767,"Tonga","Estimates by the Benefish studies of annual fisheries harvests","17-3",1,"Freshwater","2014","Tonnes"
768,"Tonga","Estimates by the Benefish studies of annual fisheries harvests","17-3",1,"Freshwater","2021","Tonnes"
769,"Tonga","Estimates by the Benefish studies of annual fisheries harvests","17-3",17362500,"Harvest sector","1999","T$"
770,"Tonga","Estimates by the Benefish studies of annual fisheries harvests","17-3",22800000,"Coastal commercial","2007","T$"
771,"Tonga","Estimates by the Benefish studies of annual fisheries harvests","17-3",33600000,"Coastal commercial","2014","T$"
772,"Tonga","Estimates by the Benefish studies of annual fisheries harvests","17-3",33200000,"Coastal commercial","2021","T$"
773,"Tonga","Estimates by the Benefish studies of annual fisheries harvests","17-3",6385000,"Coastal subsistence","1999","T$"
774,"Tonga","Estimates by the Benefish studies of annual fisheries harvests","17-3",12488000,"Coastal subsistence","2007","T$"
775,"Tonga","Estimates by the Benefish studies of annual fisheries harvests","17-3",18700000,"Coastal subsistence","2014","T$"
776,"Tonga","Estimates by the Benefish studies of annual fisheries harvests","17-3",23300000,"Coastal subsistence","2021","T$"
777,"Tonga","Estimates by the Benefish studies of annual fisheries harvests","17-3",5880000,"Offshore Locally Based","1999","T$"
778,"Tonga","Estimates by the Benefish studies of annual fisheries harvests","17-3",6224625,"Offshore Locally Based","2007","T$"
779,"Tonga","Estimates by the Benefish studies of annual fisheries harvests","17-3",7770000,"Offshore Locally Based","2014","T$"
780,"Tonga","Estimates by the Benefish studies of annual fisheries harvests","17-3",3400000,"Offshore Locally Based","2021","T$"
781,"Tonga","Estimates by the Benefish studies of annual fisheries harvests","17-3",166000,"Offshore Foreign Based","1999","T$"
782,"Tonga","Estimates by the Benefish studies of annual fisheries harvests","17-3",0,"Offshore Foreign Based","2007","T$"
783,"Tonga","Estimates by the Benefish studies of annual fisheries harvests","17-3",9408000,"Offshore Foreign Based","2014","T$"
784,"Tonga","Estimates by the Benefish studies of annual fisheries harvests","17-3",21900000,"Offshore Foreign Based","2021","T$"
785,"Tonga","Estimates by the Benefish studies of annual fisheries harvests","17-3",4000,"Freshwater","2007","T$"
786,"Tonga","Estimates by the Benefish studies of annual fisheries harvests","17-3",6000,"Freshwater","2014","T$"
787,"Tonga","Estimates by the Benefish studies of annual fisheries harvests","17-3",6650,"Freshwater","2021","T$"
788,"Tonga","Estimates by the Benefish studies of annual fisheries harvests","17-3",37000,"Aquaculture","2007","T$"
789,"Tonga","Estimates by the Benefish studies of annual fisheries harvests","17-3",28000,"Aquaculture","2014","T$"
790,"Tonga","Estimates by the Benefish studies of annual fisheries harvests","17-3",1000000,"Aquaculture","2021","T$"
791,"Tonga","Estimates by the Benefish studies of annual fisheries harvests","17-3",12334,"Aquaculture","2007","Pieces"
792,"Tonga","Estimates by the Benefish studies of annual fisheries harvests","17-3",1291,"Aquaculture","2014","Pieces"
793,"Tonga","Estimates by the Benefish studies of annual fisheries harvests","17-3",35000,"Aquaculture","2021","Pieces"
794,"Tuvalu","Estimates by the Benefish studies of annual fisheries harvests","18-3",220,"Coastal commercial","1999","Tonnes"
795,"Tuvalu","Estimates by the Benefish studies of annual fisheries harvests","18-3",226,"Coastal commercial","2007","Tonnes"
796,"Tuvalu","Estimates by the Benefish studies of annual fisheries harvests","18-3",300,"Coastal commercial","2014","Tonnes"
797,"Tuvalu","Estimates by the Benefish studies of annual fisheries harvests","18-3",350,"Coastal commercial","2021","Tonnes"
798,"Tuvalu","Estimates by the Benefish studies of annual fisheries harvests","18-3",880,"Coastal subsistence","1999","Tonnes"
799,"Tuvalu","Estimates by the Benefish studies of annual fisheries harvests","18-3",989,"Coastal subsistence","2007","Tonnes"
800,"Tuvalu","Estimates by the Benefish studies of annual fisheries harvests","18-3",1135,"Coastal subsistence","2014","Tonnes"
801,"Tuvalu","Estimates by the Benefish studies of annual fisheries harvests","18-3",1150,"Coastal subsistence","2021","Tonnes"
802,"Tuvalu","Estimates by the Benefish studies of annual fisheries harvests","18-3",0,"Offshore Locally Based","1999","Tonnes"
803,"Tuvalu","Estimates by the Benefish studies of annual fisheries harvests","18-3",0,"Offshore Locally Based","2007","Tonnes"
804,"Tuvalu","Estimates by the Benefish studies of annual fisheries harvests","18-3",0,"Offshore Locally Based","2014","Tonnes"
805,"Tuvalu","Estimates by the Benefish studies of annual fisheries harvests","18-3",0,"Offshore Locally Based","2021","Tonnes"
806,"Tuvalu","Estimates by the Benefish studies of annual fisheries harvests","18-3",40532,"Offshore Foreign Based","1999","Tonnes"
807,"Tuvalu","Estimates by the Benefish studies of annual fisheries harvests","18-3",35541,"Offshore Foreign Based","2007","Tonnes"
808,"Tuvalu","Estimates by the Benefish studies of annual fisheries harvests","18-3",96898,"Offshore Foreign Based","2014","Tonnes"
809,"Tuvalu","Estimates by the Benefish studies of annual fisheries harvests","18-3",71817,"Offshore Foreign Based","2021","Tonnes"
810,"Tuvalu","Estimates by the Benefish studies of annual fisheries harvests","18-3",0,"Freshwater","2007","Tonnes"
811,"Tuvalu","Estimates by the Benefish studies of annual fisheries harvests","18-3",2,"Freshwater","2014","Tonnes"
812,"Tuvalu","Estimates by the Benefish studies of annual fisheries harvests","18-3",2,"Freshwater","2021","Tonnes"
813,"Tuvalu","Estimates by the Benefish studies of annual fisheries harvests","18-3",0,"Aquaculture","2007","Tonnes"
814,"Tuvalu","Estimates by the Benefish studies of annual fisheries harvests","18-3",5,"Aquaculture","2014","Tonnes"
815,"Tuvalu","Estimates by the Benefish studies of annual fisheries harvests","18-3",0,"Aquaculture","2021","Tonnes"
816,"Tuvalu","Estimates by the Benefish studies of annual fisheries harvests","18-3",440000,"Coastal commercial","1999","A$"
817,"Tuvalu","Estimates by the Benefish studies of annual fisheries harvests","18-3",733666,"Coastal commercial","2007","A$"
818,"Tuvalu","Estimates by the Benefish studies of annual fisheries harvests","18-3",912500,"Coastal commercial","2014","A$"
819,"Tuvalu","Estimates by the Benefish studies of annual fisheries harvests","18-3",1575000,"Coastal commercial","2021","A$"
820,"Tuvalu","Estimates by the Benefish studies of annual fisheries harvests","18-3",1443200,"Coastal subsistence","1999","A$"
821,"Tuvalu","Estimates by the Benefish studies of annual fisheries harvests","18-3",2656896,"Coastal subsistence","2007","A$"
822,"Tuvalu","Estimates by the Benefish studies of annual fisheries harvests","18-3",1366750,"Coastal subsistence","2014","A$"
823,"Tuvalu","Estimates by the Benefish studies of annual fisheries harvests","18-3",2817500,"Coastal subsistence","2021","A$"
824,"Tuvalu","Estimates by the Benefish studies of annual fisheries harvests","18-3",0,"Offshore Locally Based","1999","A$"
825,"Tuvalu","Estimates by the Benefish studies of annual fisheries harvests","18-3",0,"Offshore Locally Based","2007","A$"
826,"Tuvalu","Estimates by the Benefish studies of annual fisheries harvests","18-3",0,"Offshore Locally Based","2014","A$"
827,"Tuvalu","Estimates by the Benefish studies of annual fisheries harvests","18-3",0,"Offshore Locally Based","2021","A$"
828,"Tuvalu","Estimates by the Benefish studies of annual fisheries harvests","18-3",58900000,"Offshore Foreign Based","1999","A$"
829,"Tuvalu","Estimates by the Benefish studies of annual fisheries harvests","18-3",48700000,"Offshore Foreign Based","2007","A$"
830,"Tuvalu","Estimates by the Benefish studies of annual fisheries harvests","18-3",160981136,"Offshore Foreign Based","2014","A$"
831,"Tuvalu","Estimates by the Benefish studies of annual fisheries harvests","18-3",124671781,"Offshore Foreign Based","2021","A$"
832,"Tuvalu","Estimates by the Benefish studies of annual fisheries harvests","18-3",0,"Freshwater","2007","A$"
833,"Tuvalu","Estimates by the Benefish studies of annual fisheries harvests","18-3",2000,"Freshwater","2014","A$"
834,"Tuvalu","Estimates by the Benefish studies of annual fisheries harvests","18-3",2000,"Freshwater","2021","A$"
835,"Tuvalu","Estimates by the Benefish studies of annual fisheries harvests","18-3",0,"Aquaculture","2007","A$"
836,"Tuvalu","Estimates by the Benefish studies of annual fisheries harvests","18-3",1000,"Aquaculture","2014","A$"
837,"Tuvalu","Estimates by the Benefish studies of annual fisheries harvests","18-3",0,"Aquaculture","2021","A$"
838,"Vanuatu","Estimates by the Benefish studies of annual fisheries harvests","19-2",230,"Coastal commercial","1999","Tonnes"
839,"Vanuatu","Estimates by the Benefish studies of annual fisheries harvests","19-2",538,"Coastal commercial","2007","Tonnes"
840,"Vanuatu","Estimates by the Benefish studies of annual fisheries harvests","19-2",1106,"Coastal commercial","2014","Tonnes"
841,"Vanuatu","Estimates by the Benefish studies of annual fisheries harvests","19-2",1300,"Coastal commercial","2021","Tonnes"
842,"Vanuatu","Estimates by the Benefish studies of annual fisheries harvests","19-2",2700,"Coastal subsistence","1999","Tonnes"
843,"Vanuatu","Estimates by the Benefish studies of annual fisheries harvests","19-2",2830,"Coastal subsistence","2007","Tonnes"
844,"Vanuatu","Estimates by the Benefish studies of annual fisheries harvests","19-2",2800,"Coastal subsistence","2014","Tonnes"
845,"Vanuatu","Estimates by the Benefish studies of annual fisheries harvests","19-2",3100,"Coastal subsistence","2021","Tonnes"
846,"Vanuatu","Estimates by the Benefish studies of annual fisheries harvests","19-2",0,"Offshore Locally Based","1999","Tonnes"
847,"Vanuatu","Estimates by the Benefish studies of annual fisheries harvests","19-2",0,"Offshore Locally Based","2007","Tonnes"
848,"Vanuatu","Estimates by the Benefish studies of annual fisheries harvests","19-2",568,"Offshore Locally Based","2014","Tonnes"
849,"Vanuatu","Estimates by the Benefish studies of annual fisheries harvests","19-2",1000,"Offshore Locally Based","2021","Tonnes"
850,"Vanuatu","Estimates by the Benefish studies of annual fisheries harvests","19-2",118,"Offshore Foreign Based","1999","Tonnes"
851,"Vanuatu","Estimates by the Benefish studies of annual fisheries harvests","19-2",12858,"Offshore Foreign Based","2007","Tonnes"
852,"Vanuatu","Estimates by the Benefish studies of annual fisheries harvests","19-2",10942,"Offshore Foreign Based","2014","Tonnes"
853,"Vanuatu","Estimates by the Benefish studies of annual fisheries harvests","19-2",2320,"Offshore Foreign Based","2021","Tonnes"
854,"Vanuatu","Estimates by the Benefish studies of annual fisheries harvests","19-2",80,"Freshwater","2007","Tonnes"
855,"Vanuatu","Estimates by the Benefish studies of annual fisheries harvests","19-2",80,"Freshwater","2014","Tonnes"
856,"Vanuatu","Estimates by the Benefish studies of annual fisheries harvests","19-2",88,"Freshwater","2021","Tonnes"
857,"Vanuatu","Estimates by the Benefish studies of annual fisheries harvests","19-2",88000000,"Coastal commercial","1999","VT"
858,"Vanuatu","Estimates by the Benefish studies of annual fisheries harvests","19-2",226400000,"Coastal commercial","2007","VT"
859,"Vanuatu","Estimates by the Benefish studies of annual fisheries harvests","19-2",572500000,"Coastal commercial","2014","VT"
860,"Vanuatu","Estimates by the Benefish studies of annual fisheries harvests","19-2",780000000,"Coastal commercial","2021","VT"
861,"Vanuatu","Estimates by the Benefish studies of annual fisheries harvests","19-2",513000000,"Coastal subsistence","1999","VT"
862,"Vanuatu","Estimates by the Benefish studies of annual fisheries harvests","19-2",597000000,"Coastal subsistence","2007","VT"
863,"Vanuatu","Estimates by the Benefish studies of annual fisheries harvests","19-2",761600000,"Coastal subsistence","2014","VT"
864,"Vanuatu","Estimates by the Benefish studies of annual fisheries harvests","19-2",1085000000,"Coastal subsistence","2021","VT"
865,"Vanuatu","Estimates by the Benefish studies of annual fisheries harvests","19-2",0,"Offshore Locally Based","1999","VT"
866,"Vanuatu","Estimates by the Benefish studies of annual fisheries harvests","19-2",0,"Offshore Locally Based","2007","VT"
867,"Vanuatu","Estimates by the Benefish studies of annual fisheries harvests","19-2",151100636,"Offshore Locally Based","2014","VT"
868,"Vanuatu","Estimates by the Benefish studies of annual fisheries harvests","19-2",256000000,"Offshore Locally Based","2021","VT"
869,"Vanuatu","Estimates by the Benefish studies of annual fisheries harvests","19-2",32666000,"Offshore Foreign Based","1999","VT"
870,"Vanuatu","Estimates by the Benefish studies of annual fisheries harvests","19-2",2704380286,"Offshore Foreign Based","2007","VT"
871,"Vanuatu","Estimates by the Benefish studies of annual fisheries harvests","19-2",2706530705,"Offshore Foreign Based","2014","VT"
872,"Vanuatu","Estimates by the Benefish studies of annual fisheries harvests","19-2",1009000000,"Offshore Foreign Based","2021","VT"
873,"Vanuatu","Estimates by the Benefish studies of annual fisheries harvests","19-2",18000000,"Freshwater","2007","VT"
874,"Vanuatu","Estimates by the Benefish studies of annual fisheries harvests","19-2",23872000,"Freshwater","2014","VT"
875,"Vanuatu","Estimates by the Benefish studies of annual fisheries harvests","19-2",33300000,"Freshwater","2021","VT"
876,"Vanuatu","Estimates by the Benefish studies of annual fisheries harvests","19-2",31600000,"Aquaculture","2007","VT"
877,"Vanuatu","Estimates by the Benefish studies of annual fisheries harvests","19-2",39300000,"Aquaculture","2014","VT"
878,"Vanuatu","Estimates by the Benefish studies of annual fisheries harvests","19-2",5200000,"Aquaculture","2021","VT"
879,"Vanuatu","Estimates by the Benefish studies of annual fisheries harvests","19-2",34,"Aquaculture","2007","Tonnes"
880,"Vanuatu","Estimates by the Benefish studies of annual fisheries harvests","19-2",43,"Aquaculture","2014","Tonnes"
881,"Vanuatu","Estimates by the Benefish studies of annual fisheries harvests","19-2",8,"Aquaculture","2021","Tonnes"
882,"Vanuatu","Estimates by the Benefish studies of annual fisheries harvests","19-2",2500,"Aquaculture","2007","Pieces"
883,"Vanuatu","Estimates by the Benefish studies of annual fisheries harvests","19-2",27300,"Aquaculture","2014","Pieces"
884,"Vanuatu","Estimates by the Benefish studies of annual fisheries harvests","19-2",4000,"Aquaculture","2021","Pieces"
885,"Wallis_and_Futuna","Estimates by the Benefish studies of annual fisheries harvests","27-5",121,"Coastal commercial","2007","Tonnes"
886,"Wallis_and_Futuna","Estimates by the Benefish studies of annual fisheries harvests","27-5",150,"Coastal commercial","2014","Tonnes"
887,"Wallis_and_Futuna","Estimates by the Benefish studies of annual fisheries harvests","27-5",42,"Coastal commercial","2021","Tonnes"
888,"Wallis_and_Futuna","Estimates by the Benefish studies of annual fisheries harvests","27-5",840,"Coastal subsistence","2007","Tonnes"
889,"Wallis_and_Futuna","Estimates by the Benefish studies of annual fisheries harvests","27-5",675,"Coastal subsistence","2014","Tonnes"
890,"Wallis_and_Futuna","Estimates by the Benefish studies of annual fisheries harvests","27-5",221,"Coastal subsistence","2021","Tonnes"
891,"Wallis_and_Futuna","Estimates by the Benefish studies of annual fisheries harvests","27-5",0,"Offshore Locally Based","2007","Tonnes"
892,"Wallis_and_Futuna","Estimates by the Benefish studies of annual fisheries harvests","27-5",0,"Offshore Locally Based","2014","Tonnes"
893,"Wallis_and_Futuna","Estimates by the Benefish studies of annual fisheries harvests","27-5",0,"Offshore Locally Based","2021","Tonnes"
894,"Wallis_and_Futuna","Estimates by the Benefish studies of annual fisheries harvests","27-5",0,"Offshore Foreign Based","2007","Tonnes"
895,"Wallis_and_Futuna","Estimates by the Benefish studies of annual fisheries harvests","27-5",0,"Offshore Foreign Based","2014","Tonnes"
896,"Wallis_and_Futuna","Estimates by the Benefish studies of annual fisheries harvests","27-5",0,"Offshore Foreign Based","2021","Tonnes"
897,"Wallis_and_Futuna","Estimates by the Benefish studies of annual fisheries harvests","27-5",0,"Freshwater","2007","Tonnes"
898,"Wallis_and_Futuna","Estimates by the Benefish studies of annual fisheries harvests","27-5",0,"Freshwater","2014","Tonnes"
899,"Wallis_and_Futuna","Estimates by the Benefish studies of annual fisheries harvests","27-5",1,"Freshwater","2021","Tonnes"
900,"Wallis_and_Futuna","Estimates by the Benefish studies of annual fisheries harvests","27-5",0,"Aquaculture","2007","Tonnes"
901,"Wallis_and_Futuna","Estimates by the Benefish studies of annual fisheries harvests","27-5",0,"Aquaculture","2014","Tonnes"
902,"Wallis_and_Futuna","Estimates by the Benefish studies of annual fisheries harvests","27-5",0,"Aquaculture","2021","Tonnes"
903,"Wallis_and_Futuna","Estimates by the Benefish studies of annual fisheries harvests","27-5",105000000,"Coastal commercial","2007","XPF"
904,"Wallis_and_Futuna","Estimates by the Benefish studies of annual fisheries harvests","27-5",150000000,"Coastal commercial","2014","XPF"
905,"Wallis_and_Futuna","Estimates by the Benefish studies of annual fisheries harvests","27-5",48000000,"Coastal commercial","2021","XPF"
906,"Wallis_and_Futuna","Estimates by the Benefish studies of annual fisheries harvests","27-5",551000000,"Coastal subsistence","2007","XPF"
907,"Wallis_and_Futuna","Estimates by the Benefish studies of annual fisheries harvests","27-5",641250000,"Coastal subsistence","2014","XPF"
908,"Wallis_and_Futuna","Estimates by the Benefish studies of annual fisheries harvests","27-5",177400000,"Coastal subsistence","2021","XPF"
909,"Wallis_and_Futuna","Estimates by the Benefish studies of annual fisheries harvests","27-5",0,"Offshore Locally Based","2007","XPF"
910,"Wallis_and_Futuna","Estimates by the Benefish studies of annual fisheries harvests","27-5",0,"Offshore Locally Based","2014","XPF"
911,"Wallis_and_Futuna","Estimates by the Benefish studies of annual fisheries harvests","27-5",0,"Offshore Locally Based","2021","XPF"
912,"Wallis_and_Futuna","Estimates by the Benefish studies of annual fisheries harvests","27-5",0,"Offshore Foreign Based","2007","XPF"
913,"Wallis_and_Futuna","Estimates by the Benefish studies of annual fisheries harvests","27-5",0,"Offshore Foreign Based","2014","XPF"
914,"Wallis_and_Futuna","Estimates by the Benefish studies of annual fisheries harvests","27-5",0,"Offshore Foreign Based","2021","XPF"
915,"Wallis_and_Futuna","Estimates by the Benefish studies of annual fisheries harvests","27-5",0,"Freshwater","2007","XPF"
916,"Wallis_and_Futuna","Estimates by the Benefish studies of annual fisheries harvests","27-5",0,"Freshwater","2014","XPF"
917,"Wallis_and_Futuna","Estimates by the Benefish studies of annual fisheries harvests","27-5",200000,"Freshwater","2021","XPF"
918,"Wallis_and_Futuna","Estimates by the Benefish studies of annual fisheries harvests","27-5",0,"Aquaculture","2007","XPF"
919,"Wallis_and_Futuna","Estimates by the Benefish studies of annual fisheries harvests","27-5",0,"Aquaculture","2014","XPF"
920,"Wallis_and_Futuna","Estimates by the Benefish studies of annual fisheries harvests","27-5",0,"Aquaculture","2021","XPF"
